CIG,OGGETTO,AMMINISTRAZIONE APPALTANTE,RUP,DATA PUBBLICAZIONE,DATA AGGIUDICAZIONE,VALORE A BASE D’ASTA,VALORE AGGIUDICAZIONE,TIPOLOGIA CONTRATTO,LOCALIZZAZIONE
"<span class=""like-pre""><a class=""link-Cig"" href=""/superset/recaptcha/?cig=B6A106A32A&next=dettaglio_cig"" target=""_blank"">B6A106A32A</a></span>",FV CON ACCUMULO,"<span class=""like-pre""><a class=""link-Cig"" href=""/superset/recaptcha/?sa=84000410831&next=dettaglio_sa"" target=""_blank"">COMUNE DI SAN FRATELLO</a></span>","<span class=""like-pre""><a class=""link-Cig"" href=""/superset/recaptcha/?cig=B6A106A32A&next=dettaglio_rup"" target=""_blank"">ALBERTO COLLOVA'</a></span>",2025-04-28,,43800.0,,FORNITURE,Messina
"<span class=""like-pre""><a class=""link-Cig"" href=""/superset/recaptcha/?cig=B474D3250C&next=dettaglio_cig"" target=""_blank"">B474D3250C</a></span>",MANUTENZIONE STRAORDINARIA DELLA STRADA BIANCA DI ACCESSO IMPIANTO TRATTAMENTO RIFIUTI. LOC. STRILLAIE COMUNE DI GROSSETO,"<span class=""like-pre""><a class=""link-Cig"" href=""/superset/recaptcha/?sa=00082520537&next=dettaglio_sa"" target=""_blank"">COMUNE DI GROSSETO</a></span>","<span class=""like-pre""><a class=""link-Cig"" href=""/superset/recaptcha/?cig=B474D3250C&next=dettaglio_rup"" target=""_blank"">STEFANO SPALLONE</a></span>",2025-01-13,2024-11-26,76216.47,76216.47,LAVORI,Grosseto
"<span class=""like-pre""><a class=""link-Cig"" href=""/superset/recaptcha/?cig=B5F0937C10&next=dettaglio_cig"" target=""_blank"">B5F0937C10</a></span>",CONTRATTO APPLICATIVO SU ORDINE QUADRO N° 8820004336 - T_46450/2024 - TL-PROGETTAZIONE PER PREDISPOSIZIONE PRATICA AUTORIZZATIVACONDENSATORE AD ARIA CICLO COMBINATO TL800 - CENTRALE TURBIGO,"<span class=""like-pre""><a class=""link-Cig"" href=""/superset/recaptcha/?sa=09357630012&next=dettaglio_sa"" target=""_blank"">IREN ENERGIA SPA</a></span>","<span class=""like-pre""><a class=""link-Cig"" href=""/superset/recaptcha/?cig=B5F0937C10&next=dettaglio_rup"" target=""_blank"">JUAN CARLOS PICCININI</a></span>",2025-03-06,2025-03-06,188700.0,188700.0,SERVIZI,Torino
"<span class=""like-pre""><a class=""link-Cig"" href=""/superset/recaptcha/?cig=B6DD95EE23&next=dettaglio_cig"" target=""_blank"">B6DD95EE23</a></span>",PN VSF 15/25/SUA,"<span class=""like-pre""><a class=""link-Cig"" href=""/superset/recaptcha/?sa=84000770580&next=dettaglio_sa"" target=""_blank"">COMUNE DI FRASCATI</a></span>","<span class=""like-pre""><a class=""link-Cig"" href=""/superset/recaptcha/?cig=B6DD95EE23&next=dettaglio_rup"" target=""_blank"">GENNARO FIORE</a></span>",2025-05-14,,872727.27,,SERVIZI,Roma
"<span class=""like-pre""><a class=""link-Cig"" href=""/superset/recaptcha/?cig=B8297EE856&next=dettaglio_cig"" target=""_blank"">B8297EE856</a></span>",SERVIZI DI CYBERSECURITY,"<span class=""like-pre""><a class=""link-Cig"" href=""/superset/recaptcha/?sa=02850240587&next=dettaglio_sa"" target=""_blank"">COMUNE DI COLLEFERRO</a></span>","<span class=""like-pre""><a class=""link-Cig"" href=""/superset/recaptcha/?cig=B8297EE856&next=dettaglio_rup"" target=""_blank"">ALESSANDRO MIGLIORELLI</a></span>",2025-09-09,2025-09-29,76500.0,76500.0,SERVIZI,Roma
"<span class=""like-pre""><a class=""link-Cig"" href=""/superset/recaptcha/?cig=B7B0353822&next=dettaglio_cig"" target=""_blank"">B7B0353822</a></span>","AZIENDA OSPEDALIERO-UNIVERSITARIA SAN LUIGI GONZAGA,ORBASSANO (TO) - LAVORI DI REALIZZAZIONE DI UNA BIOBANCA DIRICERCA E SVILUPPO PER IL DIPARTIMENTO DI SCIENZE CLINICHE EBIOLOGICHE.","<span class=""like-pre""><a class=""link-Cig"" href=""/superset/recaptcha/?sa=80088230018&next=dettaglio_sa"" target=""_blank"">UNIVERSITA' DEGLI STUDI DI TORINO</a></span>","<span class=""like-pre""><a class=""link-Cig"" href=""/superset/recaptcha/?cig=B7B0353822&next=dettaglio_rup"" target=""_blank"">BATTISTA TORTORELLA</a></span>",2025-07-17,,563554.34,,LAVORI,Torino
"<span class=""like-pre""><a class=""link-Cig"" href=""/superset/recaptcha/?cig=B82CB38B8D&next=dettaglio_cig"" target=""_blank"">B82CB38B8D</a></span>",COLLOCAMENTO MINORI IN COMUNITA INNOCENTI LUGLIO - DICEMBRE 2025 - IMPORTO MERAMENTE PRESUNTO IN QUANTO DETERMINATO DA DISPOSIZIONI A.G. NON PREVENTIVAMENTE VALUTABILI,"<span class=""like-pre""><a class=""link-Cig"" href=""/superset/recaptcha/?sa=80050040635&next=dettaglio_sa"" target=""_blank"">CENTRO GIUSTIZIA MINORILE CAMPANIA</a></span>","<span class=""like-pre""><a class=""link-Cig"" href=""/superset/recaptcha/?cig=B82CB38B8D&next=dettaglio_rup"" target=""_blank"">NICOLA PALMIERO</a></span>",2025-09-09,,80457.59,,SERVIZI,Napoli
"<span class=""like-pre""><a class=""link-Cig"" href=""/superset/recaptcha/?cig=B6646262E7&next=dettaglio_cig"" target=""_blank"">B6646262E7</a></span>","ACQUISIZIONE DELLE ATTIVITÀ INGEGNERISTICHE E TECNOLOGICHE PER L'IMPRESCINDIBILE ADEGUAMENTO, IN OTTICA DI SECURITY, DEI VOICE COMMUNICATION SYSTEMS DI EMERGENZA, PRESENTI NEGLI AEROPORTI DI MILANO LINATE, BOLOGNA, GENOVA, TORINO E FIUMICINO, CHE SONO STATI FORNITI E MESSI IN ESERCIZIO, PER ENAV, DA PARTE DELLA SOCIETÀ FREQUENTIS","<span class=""like-pre""><a class=""link-Cig"" href=""/superset/recaptcha/?sa=97016000586&next=dettaglio_sa"" target=""_blank"">ENAV S.P.A.</a></span>","<span class=""like-pre""><a class=""link-Cig"" href=""/superset/recaptcha/?cig=B6646262E7&next=dettaglio_rup"" target=""_blank"">PIER PAOLO RAVAGLI</a></span>",2025-04-07,,400000.0,,FORNITURE,Roma
"<span class=""like-pre""><a class=""link-Cig"" href=""/superset/recaptcha/?cig=B55BB8E397&next=dettaglio_cig"" target=""_blank"">B55BB8E397</a></span>",DET. 1492 DEL 20/12/2024 AGG. FORN. PIASTRE /PLACCHE MONOUSO PER DEFIBR. TRANSTORAC. 14 DAL 01/03/2025 AL 28/02/2030 ZOLL MEDICAL ITALIA S.R.L.,"<span class=""like-pre""><a class=""link-Cig"" href=""/superset/recaptcha/?sa=06485540485&next=dettaglio_sa"" target=""_blank"">ESTAR - ENTE DI SUPPORTO TECNICO AMMINISTRATIVO REGIONALE</a></span>","<span class=""like-pre""><a class=""link-Cig"" href=""/superset/recaptcha/?cig=B55BB8E397&next=dettaglio_rup"" target=""_blank"">LEONARDO BECHINI</a></span>",2025-01-27,2025-01-27,319800.0,319800.0,FORNITURE,Firenze
"<span class=""like-pre""><a class=""link-Cig"" href=""/superset/recaptcha/?cig=B675CE0615&next=dettaglio_cig"" target=""_blank"">B675CE0615</a></span>",AFFIDAMENTO IN-HOUSE AI SENSI DELL'ART. 7 D.LGS. 36/2023 A INNEXTA S.C.R.L. DEL SERVIZIODI FINANZIA LA TUA IMPRESA ANNO 2025,"<span class=""like-pre""><a class=""link-Cig"" href=""/superset/recaptcha/?sa=09920840965&next=dettaglio_sa"" target=""_blank"">CAMERA DI COMMERCIO DI MILANO MONZA BRIANZA LODI</a></span>","<span class=""like-pre""><a class=""link-Cig"" href=""/superset/recaptcha/?cig=B675CE0615&next=dettaglio_rup"" target=""_blank"">MONICA MAURI</a></span>",2025-04-14,2025-04-10,75000.0,75000.0,SERVIZI,Milano
"<span class=""like-pre""><a class=""link-Cig"" href=""/superset/recaptcha/?cig=B82A8FBA72&next=dettaglio_cig"" target=""_blank"">B82A8FBA72</a></span>",AFFIDAMENTO DI SERVIZIO TRASPORTO SCOLASTICO - AS 2025/2026,"<span class=""like-pre""><a class=""link-Cig"" href=""/superset/recaptcha/?sa=04110220409&next=dettaglio_sa"" target=""_blank"">COMUNE DI POGGIO TORRIANA</a></span>","<span class=""like-pre""><a class=""link-Cig"" href=""/superset/recaptcha/?cig=B82A8FBA72&next=dettaglio_rup"" target=""_blank"">FRANCESCA GOBBI</a></span>",2025-09-09,2025-10-31,60000.0,60000.0,SERVIZI,
"<span class=""like-pre""><a class=""link-Cig"" href=""/superset/recaptcha/?cig=B74941928B&next=dettaglio_cig"" target=""_blank"">B74941928B</a></span>",CARRELLI,"<span class=""like-pre""><a class=""link-Cig"" href=""/superset/recaptcha/?sa=97503840585&next=dettaglio_sa"" target=""_blank"">FONDAZIONE POLICLINICO TOR VERGATA</a></span>","<span class=""like-pre""><a class=""link-Cig"" href=""/superset/recaptcha/?cig=B74941928B&next=dettaglio_rup"" target=""_blank"">CRISTIANA LONGO</a></span>",2025-06-16,,135100.0,,FORNITURE,Roma
"<span class=""like-pre""><a class=""link-Cig"" href=""/superset/recaptcha/?cig=B85DEBAAC9&next=dettaglio_cig"" target=""_blank"">B85DEBAAC9</a></span>","AOI 195 ADATTAMENTO E AMPLIAMENTO DELL'IMPIANTO DI EVACUAZIONE NEGLI OSPEDALI DI BRESSANONE E VIPITENO PROGETTAZIONE, DIREZIONE LAVORI E COORDINAMENTO DELLA SICUREZZA","<span class=""like-pre""><a class=""link-Cig"" href=""/superset/recaptcha/?sa=00773750211&next=dettaglio_sa"" target=""_blank"">AZIENDA SANITARIA DELL'ALTO ADIGE - SUEDTIROLER SANITAETSBETRIEB</a></span>","<span class=""like-pre""><a class=""link-Cig"" href=""/superset/recaptcha/?cig=B85DEBAAC9&next=dettaglio_rup"" target=""_blank"">KLAUS GLAESERER</a></span>",2025-09-25,2025-09-24,84236.15,84236.15,SERVIZI,Bolzano/Bozen
"<span class=""like-pre""><a class=""link-Cig"" href=""/superset/recaptcha/?cig=B5F77EC7CD&next=dettaglio_cig"" target=""_blank"">B5F77EC7CD</a></span>",RECORDATI RARE DISEASES ITALY SRL - LOTTO 9,"<span class=""like-pre""><a class=""link-Cig"" href=""/superset/recaptcha/?sa=01684950593&next=dettaglio_sa"" target=""_blank"">ASL LATINA</a></span>","<span class=""like-pre""><a class=""link-Cig"" href=""/superset/recaptcha/?cig=B5F77EC7CD&next=dettaglio_rup"" target=""_blank"">SIMONA CONTENTA</a></span>",2025-03-10,2025-03-10,137493.9,137493.9,FORNITURE,Latina
"<span class=""like-pre""><a class=""link-Cig"" href=""/superset/recaptcha/?cig=B5FDE25326&next=dettaglio_cig"" target=""_blank"">B5FDE25326</a></span>",ACQUISTO BUONI PASTO 10 LOTTO 14,"<span class=""like-pre""><a class=""link-Cig"" href=""/superset/recaptcha/?sa=00316820547&next=dettaglio_sa"" target=""_blank"">COMUNE DI SPOLETO</a></span>","<span class=""like-pre""><a class=""link-Cig"" href=""/superset/recaptcha/?cig=B5FDE25326&next=dettaglio_rup"" target=""_blank"">NORA BELMONTE</a></span>",2025-03-11,2025-03-17,96150.0,96150.0,SERVIZI,Perugia
"<span class=""like-pre""><a class=""link-Cig"" href=""/superset/recaptcha/?cig=B90DADBF2E&next=dettaglio_cig"" target=""_blank"">B90DADBF2E</a></span>",SOLO TRACCIABILITA' COOP. ANIMAZIONE VALDOCCO IMPORTO PRESUNTO ANNO 2026,"<span class=""like-pre""><a class=""link-Cig"" href=""/superset/recaptcha/?sa=00514490010&next=dettaglio_sa"" target=""_blank"">COMUNE DI TORINO</a></span>","<span class=""like-pre""><a class=""link-Cig"" href=""/superset/recaptcha/?cig=B90DADBF2E&next=dettaglio_rup"" target=""_blank"">SIMONA CAFFER</a></span>",2025-11-11,,500000.0,,SERVIZI,Torino
"<span class=""like-pre""><a class=""link-Cig"" href=""/superset/recaptcha/?cig=B840FC0B56&next=dettaglio_cig"" target=""_blank"">B840FC0B56</a></span>","PROCEDURA APERTA, SUDDIVISA IN QUATTRO LOTTI, FINALIZZATA ALLA STIPULA DI CONVENZIONI QUADRO PER L'AFFIDAMENTO DEI SERVIZI POSTALI E SERVIZI A MONTE DEL RECAPITO, DESTINATI ALLE AMMINISTRAZIONI DEL TERRITORIO DELLA REGIONE LAZIO E DELLA REGIONE UMBRIA","<span class=""like-pre""><a class=""link-Cig"" href=""/superset/recaptcha/?sa=85003290583&next=dettaglio_sa"" target=""_blank"">COMUNE DI ZAGAROLO</a></span>","<span class=""like-pre""><a class=""link-Cig"" href=""/superset/recaptcha/?cig=B840FC0B56&next=dettaglio_rup"" target=""_blank"">ANTONIO PISICCHIO</a></span>",2025-09-16,2025-09-16,100000.0,100000.0,SERVIZI,Roma
"<span class=""like-pre""><a class=""link-Cig"" href=""/superset/recaptcha/?cig=A066A810B9&next=dettaglio_cig"" target=""_blank"">A066A810B9</a></span>",SERVIZIO DI SOMMINISTRAZIONE DI LAVORO TEMPORANEO,"<span class=""like-pre""><a class=""link-Cig"" href=""/superset/recaptcha/?sa=80014930327&next=dettaglio_sa"" target=""_blank"">REGIONE AUTONOMA FRIULI VENEZIA GIULIA</a></span>","<span class=""like-pre""><a class=""link-Cig"" href=""/superset/recaptcha/?cig=A066A810B9&next=dettaglio_rup"" target=""_blank"">MASSIMO ZANELLI</a></span>",2025-01-14,2025-01-14,422500.0,422500.0,SERVIZI,Trieste
"<span class=""like-pre""><a class=""link-Cig"" href=""/superset/recaptcha/?cig=B707964067&next=dettaglio_cig"" target=""_blank"">B707964067</a></span>",FORNITURA DI TELAI PESANTI >= 35 Q.LI - 24 MESI,"<span class=""like-pre""><a class=""link-Cig"" href=""/superset/recaptcha/?sa=02216751202&next=dettaglio_sa"" target=""_blank"">UNIFLOTTE S.R.L.</a></span>","<span class=""like-pre""><a class=""link-Cig"" href=""/superset/recaptcha/?cig=B707964067&next=dettaglio_rup"" target=""_blank"">GIANLUCA LOMBARDI</a></span>",2025-05-27,2025-08-05,14180000.0,14180000.0,FORNITURE,Bologna
"<span class=""like-pre""><a class=""link-Cig"" href=""/superset/recaptcha/?cig=B8431729BD&next=dettaglio_cig"" target=""_blank"">B8431729BD</a></span>",SERVIZI ALBERGHIERI,"<span class=""like-pre""><a class=""link-Cig"" href=""/superset/recaptcha/?sa=80197350582&next=dettaglio_sa"" target=""_blank"">PREFETTURA DI ROMA</a></span>","<span class=""like-pre""><a class=""link-Cig"" href=""/superset/recaptcha/?cig=B8431729BD&next=dettaglio_rup"" target=""_blank"">ELENA SOMASCA</a></span>",2025-09-17,2025-09-16,146812.0,146812.0,SERVIZI,Roma
"<span class=""like-pre""><a class=""link-Cig"" href=""/superset/recaptcha/?cig=B90E5E6C19&next=dettaglio_cig"" target=""_blank"">B90E5E6C19</a></span>",CARBOPLATINO VARI DOSAGGI,"<span class=""like-pre""><a class=""link-Cig"" href=""/superset/recaptcha/?sa=06485540485&next=dettaglio_sa"" target=""_blank"">ESTAR - ENTE DI SUPPORTO TECNICO AMMINISTRATIVO REGIONALE</a></span>","<span class=""like-pre""><a class=""link-Cig"" href=""/superset/recaptcha/?cig=B90E5E6C19&next=dettaglio_rup"" target=""_blank"">GABRIELE PACIOCCHI</a></span>",2025-11-11,,139900.0,,FORNITURE,Firenze
"<span class=""like-pre""><a class=""link-Cig"" href=""/superset/recaptcha/?cig=B7B37F3595&next=dettaglio_cig"" target=""_blank"">B7B37F3595</a></span>",LANDIOBLOC1FL POLV INF 300MG,"<span class=""like-pre""><a class=""link-Cig"" href=""/superset/recaptcha/?sa=09315660960&next=dettaglio_sa"" target=""_blank"">AZIENDA SOCIO SANITARIA TERRITORIALE (ASST) GRANDE OSPEDALE METROPOLITANO NIGUARDA</a></span>","<span class=""like-pre""><a class=""link-Cig"" href=""/superset/recaptcha/?cig=B7B37F3595&next=dettaglio_rup"" target=""_blank"">ALBERTO SALVATORE RUSSO</a></span>",2025-07-18,2025-06-30,124875.0,124875.0,FORNITURE,Milano
"<span class=""like-pre""><a class=""link-Cig"" href=""/superset/recaptcha/?cig=B936C1AF99&next=dettaglio_cig"" target=""_blank"">B936C1AF99</a></span>",ITALIA - NORD,"<span class=""like-pre""><a class=""link-Cig"" href=""/superset/recaptcha/?sa=97000580171&next=dettaglio_sa"" target=""_blank"">ISTITUTO D'ISTRUZIONE SUPERIORE V. CAPIROLA</a></span>","<span class=""like-pre""><a class=""link-Cig"" href=""/superset/recaptcha/?cig=B936C1AF99&next=dettaglio_rup"" target=""_blank"">ALESSANDRO ABENI</a></span>",2025-11-24,,533115.0,,SERVIZI,Brescia
"<span class=""like-pre""><a class=""link-Cig"" href=""/superset/recaptcha/?cig=B81125AAE2&next=dettaglio_cig"" target=""_blank"">B81125AAE2</a></span>",COMUNE DI PESCINA (AQ) - INTERVENTO DI MANUTENZIONE FLUVIALE DEL FIUME GIOVENCO ,"<span class=""like-pre""><a class=""link-Cig"" href=""/superset/recaptcha/?sa=80003170661&next=dettaglio_sa"" target=""_blank"">REGIONE ABRUZZO</a></span>","<span class=""like-pre""><a class=""link-Cig"" href=""/superset/recaptcha/?cig=B81125AAE2&next=dettaglio_rup"" target=""_blank"">GILBERTO DI GIORGIO</a></span>",2025-08-29,2025-08-28,95246.07,95246.07,LAVORI,L'Aquila
"<span class=""like-pre""><a class=""link-Cig"" href=""/superset/recaptcha/?cig=B8647A8205&next=dettaglio_cig"" target=""_blank"">B8647A8205</a></span>",PERIZIA SUPPLETIVA E DI VARIANTE N. 9 PER I LAVORI RELATIVI AL NUOVO COMPLESSO OSPEDALIERO DI ANCONA SUD NEL COMUNE DI CAMERANO - ADEGUAMENTO DELL'OSPEDALE ALLE DISPOSIZIONI DI CUI AL D.L. 34 DEL 19/05/2020 ED OPERE COMPLEMENTARI - POLO TECNOLOGICO E OPERE ACCESSORIE - CIG ORIGINARIO 3396877792,"<span class=""like-pre""><a class=""link-Cig"" href=""/superset/recaptcha/?sa=80008630420&next=dettaglio_sa"" target=""_blank"">ENTE REGIONE MARCHE</a></span>","<span class=""like-pre""><a class=""link-Cig"" href=""/superset/recaptcha/?cig=B8647A8205&next=dettaglio_rup"" target=""_blank"">ANDREA BARTOLI</a></span>",2025-09-26,2025-09-25,17550161.76,17550161.76,LAVORI,Ancona
"<span class=""like-pre""><a class=""link-Cig"" href=""/superset/recaptcha/?cig=B8643A6356&next=dettaglio_cig"" target=""_blank"">B8643A6356</a></span>",(FASC. 8/DDI) - FORNITURA ACCENTRATA DI DISPOSITIVI DI PROTEZIONE INDIVIDUALE (D.P.I.),"<span class=""like-pre""><a class=""link-Cig"" href=""/superset/recaptcha/?sa=96404830588&next=dettaglio_sa"" target=""_blank"">DIREZIONE DI INTENDENZA DEL COMANDO LOGISTICO DELL'ESERCITO</a></span>","<span class=""like-pre""><a class=""link-Cig"" href=""/superset/recaptcha/?cig=B8643A6356&next=dettaglio_rup"" target=""_blank"">FRANCESCO CHESSA</a></span>",2025-09-26,2025-09-25,61812.9,61812.9,FORNITURE,Roma
"<span class=""like-pre""><a class=""link-Cig"" href=""/superset/recaptcha/?cig=B64267ABEC&next=dettaglio_cig"" target=""_blank"">B64267ABEC</a></span>",PATTI TERRITORIALI_SERVIZIO BUS CON CONDUCENTE E AUTO SENZA CONDUCENTE DA MARZO 2025 PER 200 GIORNI_SPOSTAMENTI BARI/TARANTO _PROGETTO SISTEMA UNIVERSITARIO PUGLIESE,"<span class=""like-pre""><a class=""link-Cig"" href=""/superset/recaptcha/?sa=80002170720&next=dettaglio_sa"" target=""_blank"">UNIVERSITA' DEGLI STUDI DI BARI ALDO MORO</a></span>","<span class=""like-pre""><a class=""link-Cig"" href=""/superset/recaptcha/?cig=B64267ABEC&next=dettaglio_rup"" target=""_blank"">ALESSANDRO QUARTA</a></span>",2025-03-31,2025-03-27,111000.0,111000.0,SERVIZI,Bari
"<span class=""like-pre""><a class=""link-Cig"" href=""/superset/recaptcha/?cig=B943BFBBA9&next=dettaglio_cig"" target=""_blank"">B943BFBBA9</a></span>",SDA PER RETIFANLIMAB 500 MG FIALE CONCENTARTO PER INFUSIONE ENDOVENOSA,"<span class=""like-pre""><a class=""link-Cig"" href=""/superset/recaptcha/?sa=03510190121&next=dettaglio_sa"" target=""_blank"">AZIENDA SOCIO SANITARIA TERRITORIALE (ASST) DELLA VALLE OLONA</a></span>","<span class=""like-pre""><a class=""link-Cig"" href=""/superset/recaptcha/?cig=B943BFBBA9&next=dettaglio_rup"" target=""_blank"">PAOLO PELLICCIA</a></span>",2025-11-27,,510400.0,,FORNITURE,Varese
"<span class=""like-pre""><a class=""link-Cig"" href=""/superset/recaptcha/?cig=B644804951&next=dettaglio_cig"" target=""_blank"">B644804951</a></span>","APL - REAGENTI - ID.22REA001.1, LOTTO 1 - FORNITURA DI VERIFICHE ESTERNE DI QUALITÀ (VEQ) - MACROAREA MICROBIOLOGIA E TRASFUSIONALE PER 36 MESI","<span class=""like-pre""><a class=""link-Cig"" href=""/superset/recaptcha/?sa=01772890933&next=dettaglio_sa"" target=""_blank"">AS FO AZIENDA SANITARIA FRIULI OCCIDENTALE</a></span>","<span class=""like-pre""><a class=""link-Cig"" href=""/superset/recaptcha/?cig=B644804951&next=dettaglio_rup"" target=""_blank"">VANIA COSTELLA</a></span>",2025-03-31,2025-03-25,112852.8,112852.8,FORNITURE,Pordenone
"<span class=""like-pre""><a class=""link-Cig"" href=""/superset/recaptcha/?cig=B64B49727C&next=dettaglio_cig"" target=""_blank"">B64B49727C</a></span>",LOTTO 190: GARA BACINO SICILIA ORIENTALE PER LA FORNITURA DI DISPOSITIVI DI USO ROUTINARIO - PER DESCRIZIONE COMPLETA VEDI CAPITOLATO TECNICO,"<span class=""like-pre""><a class=""link-Cig"" href=""/superset/recaptcha/?sa=04721290874&next=dettaglio_sa"" target=""_blank"">AZIENDA OSPEDALIERO UNIVERSIT ARIA POLICLINICO V. EMANUELE</a></span>","<span class=""like-pre""><a class=""link-Cig"" href=""/superset/recaptcha/?cig=B64B49727C&next=dettaglio_rup"" target=""_blank"">CALOGERO RAFFAELE ADDAMO</a></span>",2025-04-01,2025-03-17,72450.0,72450.0,FORNITURE,Catania
"<span class=""like-pre""><a class=""link-Cig"" href=""/superset/recaptcha/?cig=B65397CD7D&next=dettaglio_cig"" target=""_blank"">B65397CD7D</a></span>",CONTRATTO APPLICATIVO N. 13 DERIVANTE DALL'ACCORDO QUADRO (SETTORI SPECIALI – CIG A013B6CC2B) SOTTOSCRITTO IL 26 MARZO 2024 PER L'ESECUZIONE DEI LAVORI DI REALIZZAZIONE DI NUOVE RETI DI ACQUEDOTTO E FOGNATURE E INTERVENTI DI RIFACIMENTO DI ACQUEDOTTO E FOGNATURA - LOTTO 1,"<span class=""like-pre""><a class=""link-Cig"" href=""/superset/recaptcha/?sa=02484440207&next=dettaglio_sa"" target=""_blank"">AQA S.R.L. SOCIETA' BENEFIT</a></span>","<span class=""like-pre""><a class=""link-Cig"" href=""/superset/recaptcha/?cig=B65397CD7D&next=dettaglio_rup"" target=""_blank"">GIOVANNA PESENTE</a></span>",2025-04-02,2025-04-02,780555.2,780555.2,LAVORI,Mantova
"<span class=""like-pre""><a class=""link-Cig"" href=""/superset/recaptcha/?cig=B67BA2E56F&next=dettaglio_cig"" target=""_blank"">B67BA2E56F</a></span>",IMPIANTO POMPE DI CALORE ARIA,"<span class=""like-pre""><a class=""link-Cig"" href=""/superset/recaptcha/?sa=97086740582&next=dettaglio_sa"" target=""_blank"">COMUNE DI FIUMICINO</a></span>","<span class=""like-pre""><a class=""link-Cig"" href=""/superset/recaptcha/?cig=B67BA2E56F&next=dettaglio_rup"" target=""_blank"">CARMELO CANNAVO'</a></span>",2025-04-15,2025-04-24,139815.83,139815.83,FORNITURE,Roma
"<span class=""like-pre""><a class=""link-Cig"" href=""/superset/recaptcha/?cig=B87E625DEC&next=dettaglio_cig"" target=""_blank"">B87E625DEC</a></span>",CONVENZIONE CON ASSOCIAZIONE LEGA NAZIONALE PER LA DIFESA DEL CANE - SEZIONE DI FERRARA - TRIENNIO 01/07/2025 - 30/06/2028,"<span class=""like-pre""><a class=""link-Cig"" href=""/superset/recaptcha/?sa=00313290389&next=dettaglio_sa"" target=""_blank"">COMUNE DI JOLANDA DI SAVOIA</a></span>","<span class=""like-pre""><a class=""link-Cig"" href=""/superset/recaptcha/?cig=B87E625DEC&next=dettaglio_rup"" target=""_blank"">DAVIDE CAVALIERI</a></span>",2025-10-03,,49180.33,,SERVIZI,Ferrara
"<span class=""like-pre""><a class=""link-Cig"" href=""/superset/recaptcha/?cig=B97A4F0EB6&next=dettaglio_cig"" target=""_blank"">B97A4F0EB6</a></span>",SERVIZIO DOMICILIARE PER ANZIANI-VALICA,"<span class=""like-pre""><a class=""link-Cig"" href=""/superset/recaptcha/?sa=80001010893&next=dettaglio_sa"" target=""_blank"">COMUNE DI SIRACUSA-</a></span>","<span class=""like-pre""><a class=""link-Cig"" href=""/superset/recaptcha/?cig=B97A4F0EB6&next=dettaglio_rup"" target=""_blank"">PATRIZIA TRINGALI</a></span>",2025-12-09,,65000.0,,SERVIZI,Siracusa
"<span class=""like-pre""><a class=""link-Cig"" href=""/superset/recaptcha/?cig=B1A677FE78&next=dettaglio_cig"" target=""_blank"">B1A677FE78</a></span>",FORNITURA ENERGIA ELETTRICA UTENZE COMUNALI,"<span class=""like-pre""><a class=""link-Cig"" href=""/superset/recaptcha/?sa=00625410170&next=dettaglio_sa"" target=""_blank"">AMM.NE COM.LE DI COLOGNE</a></span>","<span class=""like-pre""><a class=""link-Cig"" href=""/superset/recaptcha/?cig=B1A677FE78&next=dettaglio_rup"" target=""_blank"">PAOLO FRANCESCHETTI</a></span>",2025-04-16,2024-05-14,90945.04,90945.04,SERVIZI,Brescia
"<span class=""like-pre""><a class=""link-Cig"" href=""/superset/recaptcha/?cig=B6819B4982&next=dettaglio_cig"" target=""_blank"">B6819B4982</a></span>",AVVISO CSE 2025 - CHIUSURE TRASPARENTI,"<span class=""like-pre""><a class=""link-Cig"" href=""/superset/recaptcha/?sa=00297440794&next=dettaglio_sa"" target=""_blank"">COMUNE DI GIRIFALCO</a></span>","<span class=""like-pre""><a class=""link-Cig"" href=""/superset/recaptcha/?cig=B6819B4982&next=dettaglio_rup"" target=""_blank"">ALFONSO TALARICO</a></span>",2025-04-16,2025-04-28,61800.0,61800.0,FORNITURE,Catanzaro
"<span class=""like-pre""><a class=""link-Cig"" href=""/superset/recaptcha/?cig=B97E853AB1&next=dettaglio_cig"" target=""_blank"">B97E853AB1</a></span>","ACQUISIZIONE DI UN TRATTO DI STRADA PRIVATA INSISTENTE SU TERRENI SITI IN VADO LIGURE, FRAZIONE SEGNO, CHE COLLEGA LA STRADA COMUNALE CON LE ABITAZIONI SOTTOSTANTI, DA ANNETTERE AL DEMANIO STRADALE COMUNALE PER DESTINARLO AD USO PUBBLICO","<span class=""like-pre""><a class=""link-Cig"" href=""/superset/recaptcha/?sa=00251200093&next=dettaglio_sa"" target=""_blank"">COMUNE DI VADO LIGURE</a></span>","<span class=""like-pre""><a class=""link-Cig"" href=""/superset/recaptcha/?cig=B97E853AB1&next=dettaglio_rup"" target=""_blank"">ALESSANDRO VERONESE</a></span>",2025-12-09,,42212.5,,FORNITURE,Savona
"<span class=""like-pre""><a class=""link-Cig"" href=""/superset/recaptcha/?cig=B972722D7B&next=dettaglio_cig"" target=""_blank"">B972722D7B</a></span>",LOTTO N. 8 – UOG OVEST,"<span class=""like-pre""><a class=""link-Cig"" href=""/superset/recaptcha/?sa=01349670156&next=dettaglio_sa"" target=""_blank"">AZIENDA LOMBARDA EDILIZIA RESIDENZIALE MILANO - ALER</a></span>","<span class=""like-pre""><a class=""link-Cig"" href=""/superset/recaptcha/?cig=B972722D7B&next=dettaglio_rup"" target=""_blank"">ILARIA GEPPERT</a></span>",2025-12-08,,500000.0,,LAVORI,Milano
"<span class=""like-pre""><a class=""link-Cig"" href=""/superset/recaptcha/?cig=B66287A67B&next=dettaglio_cig"" target=""_blank"">B66287A67B</a></span>","LAVORI DI SFALCIO ERBA, RIPRISTINO IMPIANTO ELETTRICO POMPA PERCOLATO, SERVIZIO INGRESSO AUTOSPURGO E ATTIVAZIONE MENSILE POMPA PERCOLATO ","<span class=""like-pre""><a class=""link-Cig"" href=""/superset/recaptcha/?sa=00363460718&next=dettaglio_sa"" target=""_blank"">COMUNE DI FOGGIA</a></span>","<span class=""like-pre""><a class=""link-Cig"" href=""/superset/recaptcha/?cig=B66287A67B&next=dettaglio_rup"" target=""_blank"">SAVERIO PIO LONGO</a></span>",2025-04-08,2025-04-07,58308.0,58308.0,LAVORI,Foggia
"<span class=""like-pre""><a class=""link-Cig"" href=""/superset/recaptcha/?cig=B77DA2EDF7&next=dettaglio_cig"" target=""_blank"">B77DA2EDF7</a></span>","AFFIDAMENTO DIRETTO AI SENSI DELL'ART. 50, COMMA 1 LETTERA B) DEL D.LGS. N. 36/2023 DELLO SVILUPPO E DELLA RIVISITAZIONE DEL LAYOUT DELLA DASHBOARD, EVOLUZIONE DEI REPORT E DELLE RELATIVE FUNZIONALITÀ","<span class=""like-pre""><a class=""link-Cig"" href=""/superset/recaptcha/?sa=07207761003&next=dettaglio_sa"" target=""_blank"">SPORT E SALUTE S.P.A.</a></span>","<span class=""like-pre""><a class=""link-Cig"" href=""/superset/recaptcha/?cig=B77DA2EDF7&next=dettaglio_rup"" target=""_blank"">GIUSEPPE DI GREGORIO</a></span>",2025-07-02,2025-07-01,40000.0,40000.0,SERVIZI,Roma
"<span class=""like-pre""><a class=""link-Cig"" href=""/superset/recaptcha/?cig=B575178C20&next=dettaglio_cig"" target=""_blank"">B575178C20</a></span>","SERVIZIO DI PRIMO SOCCORSO VETERINARIO SU ANIMALI FERITI O AMMALATI RINVENUTI SUL TERRITORIO DELL'ATS DELLA MONTAGNA, AREA TERRITORIALE VALLECAMONICA - SEBINO","<span class=""like-pre""><a class=""link-Cig"" href=""/superset/recaptcha/?sa=00988200143&next=dettaglio_sa"" target=""_blank"">AGENZIA DI TUTELA DELLA SALUTE DELLA MONTAGNA</a></span>","<span class=""like-pre""><a class=""link-Cig"" href=""/superset/recaptcha/?cig=B575178C20&next=dettaglio_rup"" target=""_blank"">LAURA CUSINI</a></span>",2025-02-03,2024-12-11,59855.0,59855.0,SERVIZI,Sondrio
"<span class=""like-pre""><a class=""link-Cig"" href=""/superset/recaptcha/?cig=B691983319&next=dettaglio_cig"" target=""_blank"">B691983319</a></span>",SPORTELLO UNICO IMPIANTO FOTOVOLTAICO,"<span class=""like-pre""><a class=""link-Cig"" href=""/superset/recaptcha/?sa=00196900674&next=dettaglio_sa"" target=""_blank"">COMUNE DI SANT'EGIDIO ALLA VIBRATA</a></span>","<span class=""like-pre""><a class=""link-Cig"" href=""/superset/recaptcha/?cig=B691983319&next=dettaglio_rup"" target=""_blank"">STEFANO LO PARCO</a></span>",2025-04-22,2025-04-18,67343.42,67343.42,FORNITURE,Teramo
"<span class=""like-pre""><a class=""link-Cig"" href=""/superset/recaptcha/?cig=B5BDFCE9CA&next=dettaglio_cig"" target=""_blank"">B5BDFCE9CA</a></span>","CITTÀ METROPOLITANA DI BARI LAVORI DI MANUTENZIONE ORDINARIA NEGLI ISTITUTI SCOLASTICI DI CORATO, RUVO E BITONTO","<span class=""like-pre""><a class=""link-Cig"" href=""/superset/recaptcha/?sa=80000110728&next=dettaglio_sa"" target=""_blank"">CITTA' METROPOLITANA DI BARI</a></span>","<span class=""like-pre""><a class=""link-Cig"" href=""/superset/recaptcha/?cig=B5BDFCE9CA&next=dettaglio_rup"" target=""_blank"">GIOACCHINO DE PINTO</a></span>",2025-02-24,2025-02-21,133440.0,133440.0,LAVORI,Bari
"<span class=""like-pre""><a class=""link-Cig"" href=""/superset/recaptcha/?cig=B6C50A36BD&next=dettaglio_cig"" target=""_blank"">B6C50A36BD</a></span>",INCARICO PROFESSIONALE DI PROGETTAZIONE ESECUTIVA E COORDINAMENTO DELLA SICUREZZA IN FASE DI PROGETTAZIONE NELL#AMBITO DEGLI INTERVENTI DI MIGLIORAMENTO GEOMORFOLOGICO DEI COSTONI TUFACEI PROSPICIENTI LE SPALLE EST ED OVEST DEL VIADOTTO FONTANELLE,"<span class=""like-pre""><a class=""link-Cig"" href=""/superset/recaptcha/?sa=01513210581&next=dettaglio_sa"" target=""_blank"">TANGENZIALE DI NAPOLI S.P.A.=</a></span>","<span class=""like-pre""><a class=""link-Cig"" href=""/superset/recaptcha/?cig=B6C50A36BD&next=dettaglio_rup"" target=""_blank"">ANIELLO NAZARIA</a></span>",2025-05-09,2025-05-08,101000.0,101000.0,SERVIZI,Napoli
"<span class=""like-pre""><a class=""link-Cig"" href=""/superset/recaptcha/?cig=B6039ABA30&next=dettaglio_cig"" target=""_blank"">B6039ABA30</a></span>",LOTTO 18 - DEFIBRILLATORE TRICAMERALE CON ALGORITMI ED ELETTROCATETERI DEDICATI,"<span class=""like-pre""><a class=""link-Cig"" href=""/superset/recaptcha/?sa=03510190121&next=dettaglio_sa"" target=""_blank"">AZIENDA SOCIO SANITARIA TERRITORIALE (ASST) DELLA VALLE OLONA</a></span>","<span class=""like-pre""><a class=""link-Cig"" href=""/superset/recaptcha/?cig=B6039ABA30&next=dettaglio_rup"" target=""_blank"">PAOLO PELLICCIA</a></span>",2025-03-12,2025-03-11,270000.0,270000.0,FORNITURE,Varese
"<span class=""like-pre""><a class=""link-Cig"" href=""/superset/recaptcha/?cig=B8A1DFD766&next=dettaglio_cig"" target=""_blank"">B8A1DFD766</a></span>",FORNITURA E INSTALLAZIONE IMPIANTO GAS PRG ACCORDO DI PROGRAMMA,"<span class=""like-pre""><a class=""link-Cig"" href=""/superset/recaptcha/?sa=80029030568&next=dettaglio_sa"" target=""_blank"">UNIVERSITA' DEGLI STUDI DELLA TUSCIA</a></span>","<span class=""like-pre""><a class=""link-Cig"" href=""/superset/recaptcha/?cig=B8A1DFD766&next=dettaglio_rup"" target=""_blank"">GIUSEPPE RAPITI</a></span>",2025-10-15,2025-10-14,45400.0,45400.0,FORNITURE,Viterbo
"<span class=""like-pre""><a class=""link-Cig"" href=""/superset/recaptcha/?cig=B6D55FA0D9&next=dettaglio_cig"" target=""_blank"">B6D55FA0D9</a></span>",RIQUALIFICAZIONE EDIFICIO ADIBITO A PALESTRA SCUOLA MEDIA . IMPIANTO FOTOVOLTAICO,"<span class=""like-pre""><a class=""link-Cig"" href=""/superset/recaptcha/?sa=85000450768&next=dettaglio_sa"" target=""_blank"">AMMINISTRAZIONE COMUNALE DI RAPOLLA</a></span>","<span class=""like-pre""><a class=""link-Cig"" href=""/superset/recaptcha/?cig=B6D55FA0D9&next=dettaglio_rup"" target=""_blank"">MICHELE FANELLA</a></span>",2025-05-14,2025-05-29,49717.4,49717.4,FORNITURE,Potenza
"<span class=""like-pre""><a class=""link-Cig"" href=""/superset/recaptcha/?cig=B6797C827F&next=dettaglio_cig"" target=""_blank"">B6797C827F</a></span>",IMPEGNO DI SPESA PER RETTE DI RICOVERO ANZIANI ANNO 2025 C/O COOP. SOCIALE DIVERSAMENTE INSIEME ,"<span class=""like-pre""><a class=""link-Cig"" href=""/superset/recaptcha/?sa=80002230854&next=dettaglio_sa"" target=""_blank"">COMUNE DI SOMMATINO</a></span>","<span class=""like-pre""><a class=""link-Cig"" href=""/superset/recaptcha/?cig=B6797C827F&next=dettaglio_rup"" target=""_blank"">GIUSEPPE RUSSO</a></span>",2025-04-11,,47000.0,,SERVIZI,Caltanissetta
"<span class=""like-pre""><a class=""link-Cig"" href=""/superset/recaptcha/?cig=B674582D92&next=dettaglio_cig"" target=""_blank"">B674582D92</a></span>","EROGAZIONE DEL SERVIZIO DI ACCOGLIENZA RESIDENZIALE DI MINORI, DISPOSTI DALL'AUTORITÀ GIUDIZIARIA, NELLE STRUTTURE DI ACCOGLIENZA KAIROS SOC. COOP. SOCIALE. ","<span class=""like-pre""><a class=""link-Cig"" href=""/superset/recaptcha/?sa=00297960197&next=dettaglio_sa"" target=""_blank"">COMUNE DI CREMONA</a></span>","<span class=""like-pre""><a class=""link-Cig"" href=""/superset/recaptcha/?cig=B674582D92&next=dettaglio_rup"" target=""_blank"">EUGENIA GROSSI</a></span>",2025-04-10,,106865.0,,SERVIZI,Cremona
"<span class=""like-pre""><a class=""link-Cig"" href=""/superset/recaptcha/?cig=B6A862F2E8&next=dettaglio_cig"" target=""_blank"">B6A862F2E8</a></span>",PRESTAZIONI RESID.REL.-2025,"<span class=""like-pre""><a class=""link-Cig"" href=""/superset/recaptcha/?sa=03510140126&next=dettaglio_sa"" target=""_blank"">ATS DELL'INSUBRIA</a></span>","<span class=""like-pre""><a class=""link-Cig"" href=""/superset/recaptcha/?cig=B6A862F2E8&next=dettaglio_rup"" target=""_blank"">ANNA MARIA SIANO</a></span>",2025-04-29,,256000.0,,SERVIZI,Varese
"<span class=""like-pre""><a class=""link-Cig"" href=""/superset/recaptcha/?cig=B66645C134&next=dettaglio_cig"" target=""_blank"">B66645C134</a></span>",RIPRISTINO DELL'IMPIANTO DI DEPURAZIONE LA BRECCIARA NEL COMUNE DI CIVITA CASTELLANA,"<span class=""like-pre""><a class=""link-Cig"" href=""/superset/recaptcha/?sa=01767320565&next=dettaglio_sa"" target=""_blank"">TALETE - GESTIONE SII ATO 1 - SOCIETA' PER AZIONI (IN FORMA ABBREVIATA TALETE S.P.A.)</a></span>","<span class=""like-pre""><a class=""link-Cig"" href=""/superset/recaptcha/?cig=B66645C134&next=dettaglio_rup"" target=""_blank"">FABIO GIORGI</a></span>",2025-05-08,2025-04-08,90000.0,90000.0,SERVIZI,Viterbo
"<span class=""like-pre""><a class=""link-Cig"" href=""/superset/recaptcha/?cig=B8BE477329&next=dettaglio_cig"" target=""_blank"">B8BE477329</a></span>",AFFIDAMENTO SERVIZI DI MEDIA E LUNGA PERCORRENZA INTERREGIONALI SALERNO-POTENZA-METAPONTO E VICEVERSA IN CONTINUITÀ CON I SERVIZI FERROVIARI AV DA/VERSO SALERNO PER IL PERIODO 28.10.2025-28.02.2026,"<span class=""like-pre""><a class=""link-Cig"" href=""/superset/recaptcha/?sa=80002950766&next=dettaglio_sa"" target=""_blank"">REGIONE BASILICATA</a></span>","<span class=""like-pre""><a class=""link-Cig"" href=""/superset/recaptcha/?cig=B8BE477329&next=dettaglio_rup"" target=""_blank"">DONATO ARCIERI</a></span>",2025-10-22,,1430000.0,,SERVIZI,Potenza
"<span class=""like-pre""><a class=""link-Cig"" href=""/superset/recaptcha/?cig=B6E9DE9F63&next=dettaglio_cig"" target=""_blank"">B6E9DE9F63</a></span>",AFFIDAMENTO INCARICO DI DIREZIONE DEI LAVORI E COORDINATORE DELLA SICUREZZA IN FASE DI ESECUZIONE DEI LAVORI DI ADEGUAMENTO DEGLI IMPIANTI ELETTRICI DI ALCUNI LOCALI DELL'HANGAR L OSPITANTE IL CENTRO DI SIMULAZIONE OPERAZIONI AERONAVALI DELLA GUARDIA DI FINANZA DI PRATICA DI MARE,"<span class=""like-pre""><a class=""link-Cig"" href=""/superset/recaptcha/?sa=97061500589&next=dettaglio_sa"" target=""_blank"">CENTRO DI AVIAZIONE GUARDIA DI FINANZA</a></span>","<span class=""like-pre""><a class=""link-Cig"" href=""/superset/recaptcha/?cig=B6E9DE9F63&next=dettaglio_rup"" target=""_blank"">GIANMARCO COSIMO DI LORENZO</a></span>",2025-05-20,2025-05-19,48000.0,48000.0,SERVIZI,Roma
"<span class=""like-pre""><a class=""link-Cig"" href=""/superset/recaptcha/?cig=B6EDEAC0D4&next=dettaglio_cig"" target=""_blank"">B6EDEAC0D4</a></span>",ACQUISIZIONE PARTI DI RICAMBIO RELATIVE AL PINTLE MACHINE GUN (PMG) PER M-134D MARINIZED MINIGUN,"<span class=""like-pre""><a class=""link-Cig"" href=""/superset/recaptcha/?sa=80238390589&next=dettaglio_sa"" target=""_blank"">SEGRETARIATO GENERALE DELLA DIFESA -DIREZIONE NAZIONALE ARMAMENTI-DIREZIONE ARMAMENTI AERONAUTICI</a></span>","<span class=""like-pre""><a class=""link-Cig"" href=""/superset/recaptcha/?cig=B6EDEAC0D4&next=dettaglio_rup"" target=""_blank"">LORIS DE LUCA</a></span>",2025-05-20,,143146.5,,FORNITURE,Roma
"<span class=""like-pre""><a class=""link-Cig"" href=""/superset/recaptcha/?cig=B6B020FC77&next=dettaglio_cig"" target=""_blank"">B6B020FC77</a></span>",FORNITURA PRODOTTI PER IGIENE PERSONALE,"<span class=""like-pre""><a class=""link-Cig"" href=""/superset/recaptcha/?sa=03775820982&next=dettaglio_sa"" target=""_blank"">AZIENDA SOCIO SANITARIA TERRITORIALE DELLA FRANCIACORTA</a></span>","<span class=""like-pre""><a class=""link-Cig"" href=""/superset/recaptcha/?cig=B6B020FC77&next=dettaglio_rup"" target=""_blank"">FRANCESCO MAZZOLI</a></span>",2025-04-30,2025-04-30,77502.25,77502.25,FORNITURE,Brescia
"<span class=""like-pre""><a class=""link-Cig"" href=""/superset/recaptcha/?cig=B5CD70E34F&next=dettaglio_cig"" target=""_blank"">B5CD70E34F</a></span>",SERVIZIO DI ASSISTENZA TECNICO-GESTIONALE,"<span class=""like-pre""><a class=""link-Cig"" href=""/superset/recaptcha/?sa=00876220633&next=dettaglio_sa"" target=""_blank"">UNIVERSITA' DEGLI STUDI DI NAPOLI FEDERICO II</a></span>","<span class=""like-pre""><a class=""link-Cig"" href=""/superset/recaptcha/?cig=B5CD70E34F&next=dettaglio_rup"" target=""_blank"">CINZIA CANNIZZARO</a></span>",2025-02-26,,56000.0,,SERVIZI,Napoli
"<span class=""like-pre""><a class=""link-Cig"" href=""/superset/recaptcha/?cig=B6F0A6BA86&next=dettaglio_cig"" target=""_blank"">B6F0A6BA86</a></span>",GARA REGIONALE DI PRODOTTI FARMACEUTICI. D.D. N. 77 DEL 02/04/2025. LOTTO 67,"<span class=""like-pre""><a class=""link-Cig"" href=""/superset/recaptcha/?sa=05205490823&next=dettaglio_sa"" target=""_blank"">ISTITUTO G.GIGLIO DI CEFALU'</a></span>","<span class=""like-pre""><a class=""link-Cig"" href=""/superset/recaptcha/?cig=B6F0A6BA86&next=dettaglio_rup"" target=""_blank"">VINCENZO ACCARDI</a></span>",2025-05-20,2025-05-20,217085.22,217085.22,FORNITURE,Palermo
"<span class=""like-pre""><a class=""link-Cig"" href=""/superset/recaptcha/?cig=B6C3CB5470&next=dettaglio_cig"" target=""_blank"">B6C3CB5470</a></span>","MANUTENZIONE SOFTWARE GESTIONALE PER LA GESTIONE ED ELABORAZIONE DELLE RICETTE FARMACEUTICHE SSN, DPC E SPECIALISTICHE, PER IL PERIODO DI UN ANNO","<span class=""like-pre""><a class=""link-Cig"" href=""/superset/recaptcha/?sa=01661590891&next=dettaglio_sa"" target=""_blank"">AZIENDA SANITARIA PROVINCIALE DI SIRACUSA</a></span>","<span class=""like-pre""><a class=""link-Cig"" href=""/superset/recaptcha/?cig=B6C3CB5470&next=dettaglio_rup"" target=""_blank"">ROSARIO BRECI</a></span>",2025-05-09,,184993.3,,SERVIZI,Siracusa
"<span class=""like-pre""><a class=""link-Cig"" href=""/superset/recaptcha/?cig=B64D7C7C1C&next=dettaglio_cig"" target=""_blank"">B64D7C7C1C</a></span>",RIFUNZIONALIZZAZIONE VAN CAVALLI,"<span class=""like-pre""><a class=""link-Cig"" href=""/superset/recaptcha/?sa=00819910589&next=dettaglio_sa"" target=""_blank"">RAGGRUPPAMENTO CARABINIERI BIODIVERSITA'</a></span>","<span class=""like-pre""><a class=""link-Cig"" href=""/superset/recaptcha/?cig=B64D7C7C1C&next=dettaglio_rup"" target=""_blank"">RAFFAELE PIO MANICONE</a></span>",2025-04-02,,214754.0,,FORNITURE,Roma
"<span class=""like-pre""><a class=""link-Cig"" href=""/superset/recaptcha/?cig=B5BFE614D7&next=dettaglio_cig"" target=""_blank"">B5BFE614D7</a></span>",AVVISO MANIFESTAZIONE DI INTERESSE INTERVENTO DI RIQUALIFICAZIONE DEL CENTRO ABITATO DI MANDAS ATTRAVERSO UNA STRATEGIA DI RIFUNZIONALIZZAZIONE URBANA AL FINE DI VALORIZZARE I MULTIFORMI ASPETTI SPAZIALI FORMALI CULTURALI,"<span class=""like-pre""><a class=""link-Cig"" href=""/superset/recaptcha/?sa=80012750925&next=dettaglio_sa"" target=""_blank"">COMUNE DI MANDAS</a></span>","<span class=""like-pre""><a class=""link-Cig"" href=""/superset/recaptcha/?cig=B5BFE614D7&next=dettaglio_rup"" target=""_blank"">NICOLA ZEDDA</a></span>",2025-02-24,,408441.99,,LAVORI,
"<span class=""like-pre""><a class=""link-Cig"" href=""/superset/recaptcha/?cig=B71F659094&next=dettaglio_cig"" target=""_blank"">B71F659094</a></span>",AGGIORNAMENTO DOTAZIONI PER LA SICUREZZA E LA VIDEOSORVEGLIANZA PER ADEGUAMENTO AGLI STANDARD,"<span class=""like-pre""><a class=""link-Cig"" href=""/superset/recaptcha/?sa=80101180612&next=dettaglio_sa"" target=""_blank"">COMANDO 9 STORMO F. BARACCA GRAZZANISE</a></span>","<span class=""like-pre""><a class=""link-Cig"" href=""/superset/recaptcha/?cig=B71F659094&next=dettaglio_rup"" target=""_blank"">ANTONINO SURACI</a></span>",2025-06-04,,484037.2,,SERVIZI,Caserta
"<span class=""like-pre""><a class=""link-Cig"" href=""/superset/recaptcha/?cig=B744B39F1C&next=dettaglio_cig"" target=""_blank"">B744B39F1C</a></span>",FINESTRE UN'ANTA,"<span class=""like-pre""><a class=""link-Cig"" href=""/superset/recaptcha/?sa=00222420762&next=dettaglio_sa"" target=""_blank"">COMUNE DI PESCOPAGANO</a></span>","<span class=""like-pre""><a class=""link-Cig"" href=""/superset/recaptcha/?cig=B744B39F1C&next=dettaglio_rup"" target=""_blank"">MAURIZIO SCHETTINI</a></span>",2025-06-13,,89788.35,,FORNITURE,Potenza
"<span class=""like-pre""><a class=""link-Cig"" href=""/superset/recaptcha/?cig=B69C39AFE7&next=dettaglio_cig"" target=""_blank"">B69C39AFE7</a></span>","AVVISO CSE 2025 - COMUNI PER LA SOSTENIBILITA' E L'EFFICIENZA ENERGETICA. INTERVENTO DI EFFICIENTAMENTO ENERGETICO PRESSO L'IMMOBILE UBICATO IN VIA F.LLI FARINA CON DESTINAZIONE D'USO PALAZZETTO DELLO SPORT (PALAZZETTO DELLO SPORT CINGOLANI - PIERINI) IDENTIFICATO AL CATASTO FABBRICATI DEL COMUNE DI RECANATI AL FOGLIO 62 PARTICELLA 633 MEDIANTE FORNITURA, CON POSA IN OPERA, DI NUOVO SISTEMA IBRIDO COSTITUITO DA UNA POMPA DI CALORE ARIA/ACQUA INTEGRATA CON UNA CALDAIA A CONDENSAZIONE E DI IMPIANTO FOTOVOLTAICO CUP H24J25000120006 - CATEGORIA: IMPIANTI FOTOVOLTAICI E SERVIZI CONNESSI - PRODOTTO: POC ENERGIA / CSE 2025 - IMPIANTO FOTOVOLTAICO CONNESSO IN RETE CODICI CPV 09331000-8, 09331200-0, CITTA' DI RECANATI _________________________ DETERMINAZIONE DIRIGENZIALE: NR. SETTORIALE 109 DEL 23/04/2025 09332000-5 - CATEGORIA: SISTEMI IBRIDI - PRODOTTO: POC ENERGIA/ CSE 2025 - SISTEMI IBRIDI CODICI C.P.V. 42511110-5; 42161000-5; 44621200-1","<span class=""like-pre""><a class=""link-Cig"" href=""/superset/recaptcha/?sa=00284570439&next=dettaglio_sa"" target=""_blank"">COMUNE DI RECANATI</a></span>","<span class=""like-pre""><a class=""link-Cig"" href=""/superset/recaptcha/?cig=B69C39AFE7&next=dettaglio_rup"" target=""_blank"">MAURIZIO PADUANO</a></span>",2025-04-23,,51739.61,,FORNITURE,Macerata
"<span class=""like-pre""><a class=""link-Cig"" href=""/superset/recaptcha/?cig=B80672B701&next=dettaglio_cig"" target=""_blank"">B80672B701</a></span>",FORNITURA DERRATE ALIMENTARI,"<span class=""like-pre""><a class=""link-Cig"" href=""/superset/recaptcha/?sa=00535380182&next=dettaglio_sa"" target=""_blank"">ISTITUTO TECNICO AGRARIO STATALE'C.GALLINI'</a></span>","<span class=""like-pre""><a class=""link-Cig"" href=""/superset/recaptcha/?cig=B80672B701&next=dettaglio_rup"" target=""_blank"">SILVANA BASSI</a></span>",2025-08-26,,75000.0,,FORNITURE,Pavia
"<span class=""like-pre""><a class=""link-Cig"" href=""/superset/recaptcha/?cig=B387047A20&next=dettaglio_cig"" target=""_blank"">B387047A20</a></span>","SERVIZI DI COORDINAMENTO, PROMOZIONE, SAFETY E SQUADRA ANTICINCENDIO IN OCCASIONE DELLA MANIFESTAZIONE FIERA DEI SAPORI ORGANIZZATA DAL COMUNE DI CARLINO PER GLI ANNI 2024-2025-2026","<span class=""like-pre""><a class=""link-Cig"" href=""/superset/recaptcha/?sa=81002550309&next=dettaglio_sa"" target=""_blank"">COMUNE DI CARLINO</a></span>","<span class=""like-pre""><a class=""link-Cig"" href=""/superset/recaptcha/?cig=B387047A20&next=dettaglio_rup"" target=""_blank"">FLAVIA TOMBA</a></span>",2025-06-06,2024-10-16,45001.02,45001.02,SERVIZI,Udine
"<span class=""like-pre""><a class=""link-Cig"" href=""/superset/recaptcha/?cig=B5E141B6C8&next=dettaglio_cig"" target=""_blank"">B5E141B6C8</a></span>","SERVIZIO DI TESORERIA COMUNALE PERIODO 01/04/2025-31/03/2028, SALVO RINNOVO","<span class=""like-pre""><a class=""link-Cig"" href=""/superset/recaptcha/?sa=00100490861&next=dettaglio_sa"" target=""_blank"">COMUNE DI ENNA</a></span>","<span class=""like-pre""><a class=""link-Cig"" href=""/superset/recaptcha/?cig=B5E141B6C8&next=dettaglio_rup"" target=""_blank"">LETTERIO LIPARI</a></span>",2025-03-03,,150000.0,,SERVIZI,Enna
"<span class=""like-pre""><a class=""link-Cig"" href=""/superset/recaptcha/?cig=B6D699F6E7&next=dettaglio_cig"" target=""_blank"">B6D699F6E7</a></span>",IMPIANTO SOLARE TERMICO,"<span class=""like-pre""><a class=""link-Cig"" href=""/superset/recaptcha/?sa=00197250707&next=dettaglio_sa"" target=""_blank"">COMUNE DI SPINETE</a></span>","<span class=""like-pre""><a class=""link-Cig"" href=""/superset/recaptcha/?cig=B6D699F6E7&next=dettaglio_rup"" target=""_blank"">PASQUALE RUBERTO</a></span>",2025-05-13,,48000.0,,FORNITURE,Campobasso
"<span class=""like-pre""><a class=""link-Cig"" href=""/superset/recaptcha/?cig=B72CF4FB46&next=dettaglio_cig"" target=""_blank"">B72CF4FB46</a></span>",INDIZIONEDIISTRUTTORIAPUBBLICA,"<span class=""like-pre""><a class=""link-Cig"" href=""/superset/recaptcha/?sa=01345790917&next=dettaglio_sa"" target=""_blank"">COMUNITA' MONTANA DEL GENNARGENTU MANDROLISAI</a></span>","<span class=""like-pre""><a class=""link-Cig"" href=""/superset/recaptcha/?cig=B72CF4FB46&next=dettaglio_rup"" target=""_blank"">ALICE PORCU</a></span>",2025-06-06,,477409.45,,SERVIZI,Nuoro
"<span class=""like-pre""><a class=""link-Cig"" href=""/superset/recaptcha/?cig=B7A3D70B00&next=dettaglio_cig"" target=""_blank"">B7A3D70B00</a></span>",INTERVENTO DI EFFICIENTAMENTO ENERGETICO VILLAGGIO SCOLASTICO P. DE STEFANO VIA LANZA - CASTIGLIONE COSENTINO (CS),"<span class=""like-pre""><a class=""link-Cig"" href=""/superset/recaptcha/?sa=00391420783&next=dettaglio_sa"" target=""_blank"">COMUNE DI CASTIGLIONE COSENTINO</a></span>","<span class=""like-pre""><a class=""link-Cig"" href=""/superset/recaptcha/?cig=B7A3D70B00&next=dettaglio_rup"" target=""_blank"">FRANCESCO SAVERIO SMERIGLIO</a></span>",2025-07-14,2025-08-05,715471.24,710880.3,LAVORI,Cosenza
"<span class=""like-pre""><a class=""link-Cig"" href=""/superset/recaptcha/?cig=B5A3053824&next=dettaglio_cig"" target=""_blank"">B5A3053824</a></span>",FARMACI GENERICATI 2025,"<span class=""like-pre""><a class=""link-Cig"" href=""/superset/recaptcha/?sa=00849050109&next=dettaglio_sa"" target=""_blank"">REGIONE LIGURIA</a></span>","<span class=""like-pre""><a class=""link-Cig"" href=""/superset/recaptcha/?cig=B5A3053824&next=dettaglio_rup"" target=""_blank"">LUIGI MORENO COSTA</a></span>",2025-02-13,2025-04-02,1454204.832,347642.16,FORNITURE,Genova
"<span class=""like-pre""><a class=""link-Cig"" href=""/superset/recaptcha/?cig=B687DD173B&next=dettaglio_cig"" target=""_blank"">B687DD173B</a></span>",FARMACI 2025,"<span class=""like-pre""><a class=""link-Cig"" href=""/superset/recaptcha/?sa=00849050109&next=dettaglio_sa"" target=""_blank"">REGIONE LIGURIA</a></span>","<span class=""like-pre""><a class=""link-Cig"" href=""/superset/recaptcha/?cig=B687DD173B&next=dettaglio_rup"" target=""_blank"">LUIGI MORENO COSTA</a></span>",2025-04-16,,1637892.69,,FORNITURE,Genova
"<span class=""like-pre""><a class=""link-Cig"" href=""/superset/recaptcha/?cig=B7B9A27FC1&next=dettaglio_cig"" target=""_blank"">B7B9A27FC1</a></span>",CATETERI PROTEZIONE CAROTIDEA LUNGHEZZA GUIDA DA 190 A 300 CM,"<span class=""like-pre""><a class=""link-Cig"" href=""/superset/recaptcha/?sa=01127900049&next=dettaglio_sa"" target=""_blank"">AZIENDA OSPEDALIERA SANTA CROCE E CARLE</a></span>","<span class=""like-pre""><a class=""link-Cig"" href=""/superset/recaptcha/?cig=B7B9A27FC1&next=dettaglio_rup"" target=""_blank"">CLAUDIO CALVANO</a></span>",2025-07-22,,56654.4,,FORNITURE,Cuneo
"<span class=""like-pre""><a class=""link-Cig"" href=""/superset/recaptcha/?cig=B73071FA1B&next=dettaglio_cig"" target=""_blank"">B73071FA1B</a></span>",ACQUISTO DEL FARMACO AIC 044373076 EMTRICITABINA TEN TEV 30CPR PER CARENZA DEL FARMACO AGGIUDICATO AIC045229010 EMTRICITABINA TEN MY 30CPR FL. RIF. OFFERTA N.0070/2025-CALI DEL 13/01/2025 (QUANTITÀ RICHIESTA: 64800 CP).,"<span class=""like-pre""><a class=""link-Cig"" href=""/superset/recaptcha/?sa=02483810392&next=dettaglio_sa"" target=""_blank"">AZIENDA USL DELLA ROMAGNA</a></span>","<span class=""like-pre""><a class=""link-Cig"" href=""/superset/recaptcha/?cig=B73071FA1B&next=dettaglio_rup"" target=""_blank"">MORRIS MONTALTI</a></span>",2025-06-09,2025-06-09,57672.0,57672.0,FORNITURE,Ravenna
"<span class=""like-pre""><a class=""link-Cig"" href=""/superset/recaptcha/?cig=B758384579&next=dettaglio_cig"" target=""_blank"">B758384579</a></span>",SERVIZIO DI PULIZIA DEI LOCALI COMUNALI. PROROGA TECNICA DA LUGLIO A DICEMBRE 2025 - E RELATIVO IMPEGNO DI SPESA.,"<span class=""like-pre""><a class=""link-Cig"" href=""/superset/recaptcha/?sa=01041340371&next=dettaglio_sa"" target=""_blank"">COMUNE DI ZOLA PREDOSA</a></span>","<span class=""like-pre""><a class=""link-Cig"" href=""/superset/recaptcha/?cig=B758384579&next=dettaglio_rup"" target=""_blank"">MARTINA MIATTON</a></span>",2025-06-19,,60000.0,,SERVIZI,Bologna
"<span class=""like-pre""><a class=""link-Cig"" href=""/superset/recaptcha/?cig=A06B4B0895&next=dettaglio_cig"" target=""_blank"">A06B4B0895</a></span>",RADIOLOGIA INTERVENTISTICA 8248504 LOTTO 38 ALFA MEDICAL,"<span class=""like-pre""><a class=""link-Cig"" href=""/superset/recaptcha/?sa=00577500101&next=dettaglio_sa"" target=""_blank"">ISTITUTO GIANNINA GASLINI</a></span>","<span class=""like-pre""><a class=""link-Cig"" href=""/superset/recaptcha/?cig=A06B4B0895&next=dettaglio_rup"" target=""_blank"">ELISABETTA BRUNO</a></span>",2025-06-10,,41440.0,,FORNITURE,
"<span class=""like-pre""><a class=""link-Cig"" href=""/superset/recaptcha/?cig=B734FCA1CC&next=dettaglio_cig"" target=""_blank"">B734FCA1CC</a></span>","LOTTO 83 - RECEPIMENTO GARA, SUDDIVISA IN 176 LOTTI, PER LA FORNITURA TRIENNALE DI DISPOSITIVI PER LAPAROSCOPIA","<span class=""like-pre""><a class=""link-Cig"" href=""/superset/recaptcha/?sa=03051880833&next=dettaglio_sa"" target=""_blank"">AZIENDA OSPEDALIERA PAPARDO</a></span>","<span class=""like-pre""><a class=""link-Cig"" href=""/superset/recaptcha/?cig=B734FCA1CC&next=dettaglio_rup"" target=""_blank"">ALBERTO MONDELLO</a></span>",2025-06-10,2025-05-23,61200.0,61200.0,FORNITURE,Messina
"<span class=""like-pre""><a class=""link-Cig"" href=""/superset/recaptcha/?cig=B7ED186766&next=dettaglio_cig"" target=""_blank"">B7ED186766</a></span>",SERVIZIO DI MANUTENZIONE E ASSISTENZA TECNICA FULL RISK DI APPARECCHIATURE RADIOLOGICHE DI PROPRIETÀ DELL'AZIENDA OSPEDALE-UNIVERSITÀ PADOVA,"<span class=""like-pre""><a class=""link-Cig"" href=""/superset/recaptcha/?sa=00349040287&next=dettaglio_sa"" target=""_blank"">AZIENDA OSPEDALE-UNIVERSITA' PADOVA</a></span>","<span class=""like-pre""><a class=""link-Cig"" href=""/superset/recaptcha/?cig=B7ED186766&next=dettaglio_rup"" target=""_blank"">MARIA-ELENA SERAFIN</a></span>",2025-08-07,,194374.0,,SERVIZI,Padova
"<span class=""like-pre""><a class=""link-Cig"" href=""/superset/recaptcha/?cig=B55503D427&next=dettaglio_cig"" target=""_blank"">B55503D427</a></span>",FORNITURA DI DISPOSITIVI MEDICI PER L'ANNO 2025,"<span class=""like-pre""><a class=""link-Cig"" href=""/superset/recaptcha/?sa=01598570354&next=dettaglio_sa"" target=""_blank"">AZIENDA UNITA' SANITARIA LOCALE DI REGGIO EMILIA</a></span>","<span class=""like-pre""><a class=""link-Cig"" href=""/superset/recaptcha/?cig=B55503D427&next=dettaglio_rup"" target=""_blank"">ERMENEGILDO DEOLMI</a></span>",2025-01-23,,50000.0,,FORNITURE,Reggio nell'Emilia
"<span class=""like-pre""><a class=""link-Cig"" href=""/superset/recaptcha/?cig=B860168925&next=dettaglio_cig"" target=""_blank"">B860168925</a></span>",FORNITURA DI PNEUMATICI E PRESTAZIONI TECNICHE CORRELATE,"<span class=""like-pre""><a class=""link-Cig"" href=""/superset/recaptcha/?sa=00215150236&next=dettaglio_sa"" target=""_blank"">COMUNE DI VERONA</a></span>","<span class=""like-pre""><a class=""link-Cig"" href=""/superset/recaptcha/?cig=B860168925&next=dettaglio_rup"" target=""_blank"">DONATELLA QUARANTOTTO</a></span>",2025-09-25,2025-10-15,66000.0,66000.0,FORNITURE,Verona
"<span class=""like-pre""><a class=""link-Cig"" href=""/superset/recaptcha/?cig=B753B02F9D&next=dettaglio_cig"" target=""_blank"">B753B02F9D</a></span>","SERVIZIO DI CONCESSIONE IN AFFIDAMENTO DEL LIDO COMUNALE RONCHI STAGIONE TURISTICA 2025 (EVENTUALMENTE RINNOVABILE PER LA SUCCESSIVA, SU ISTANZA DEL CONCESSIONARIO,COMUNQUE, AD INSINDACABILE GIUDIZIO DELLAMMINISTRAZIONE COMUNALE) ","<span class=""like-pre""><a class=""link-Cig"" href=""/superset/recaptcha/?sa=00667270235&next=dettaglio_sa"" target=""_blank"">COMUNE DI CASTELNUOVO DEL GARDA</a></span>","<span class=""like-pre""><a class=""link-Cig"" href=""/superset/recaptcha/?cig=B753B02F9D&next=dettaglio_rup"" target=""_blank"">ENRICO GUZZI</a></span>",2025-06-19,2025-06-18,40100.0,40100.0,SERVIZI,Verona
"<span class=""like-pre""><a class=""link-Cig"" href=""/superset/recaptcha/?cig=B785AE994C&next=dettaglio_cig"" target=""_blank"">B785AE994C</a></span>",FORNITURA MATERIALI MANUTENZIONI LOCALI ASL FG,"<span class=""like-pre""><a class=""link-Cig"" href=""/superset/recaptcha/?sa=03600140713&next=dettaglio_sa"" target=""_blank"">SANITASERVICE ASL FG S.R.L.</a></span>","<span class=""like-pre""><a class=""link-Cig"" href=""/superset/recaptcha/?cig=B785AE994C&next=dettaglio_rup"" target=""_blank"">ANTONIO BIUSO</a></span>",2025-07-04,2025-07-03,42000.0,42000.0,FORNITURE,Foggia
"<span class=""like-pre""><a class=""link-Cig"" href=""/superset/recaptcha/?cig=B786C0BCBC&next=dettaglio_cig"" target=""_blank"">B786C0BCBC</a></span>",ENERGIA ELETTRICA,"<span class=""like-pre""><a class=""link-Cig"" href=""/superset/recaptcha/?sa=01756890180&next=dettaglio_sa"" target=""_blank"">COMUNE DI SAN DAMIANO AL COLLE</a></span>","<span class=""like-pre""><a class=""link-Cig"" href=""/superset/recaptcha/?cig=B786C0BCBC&next=dettaglio_rup"" target=""_blank"">MARCELLO PASSERINI</a></span>",2025-07-03,2024-07-03,40000.0,40000.0,FORNITURE,Pavia
"<span class=""like-pre""><a class=""link-Cig"" href=""/superset/recaptcha/?cig=B900A09C3F&next=dettaglio_cig"" target=""_blank"">B900A09C3F</a></span>","CONVENZIONE TRA URF E PROSOLIDARIETATE (ETS) PER PROGETTO A FAVORE DELLE PERSONE INDIGENTI PER QUATTRO ANNI € 188.000,00","<span class=""like-pre""><a class=""link-Cig"" href=""/superset/recaptcha/?sa=90028320399&next=dettaglio_sa"" target=""_blank"">UNIONE DELLA ROMAGNA FAENTINA</a></span>","<span class=""like-pre""><a class=""link-Cig"" href=""/superset/recaptcha/?cig=B900A09C3F&next=dettaglio_rup"" target=""_blank"">STEFANO CASANOVA</a></span>",2025-11-07,,188000.0,,SERVIZI,Ravenna
"<span class=""like-pre""><a class=""link-Cig"" href=""/superset/recaptcha/?cig=B78C699722&next=dettaglio_cig"" target=""_blank"">B78C699722</a></span>",CONTROLLO E VALIDAZIONE RENDICONTI NELL'MBITO DI BANDO A CASCATA,"<span class=""like-pre""><a class=""link-Cig"" href=""/superset/recaptcha/?sa=00876220633&next=dettaglio_sa"" target=""_blank"">UNIVERSITA' DEGLI STUDI DI NAPOLI FEDERICO II</a></span>","<span class=""like-pre""><a class=""link-Cig"" href=""/superset/recaptcha/?cig=B78C699722&next=dettaglio_rup"" target=""_blank"">MARIAROSARIA PERSICO</a></span>",2025-07-08,2025-10-31,117200.0,117200.0,SERVIZI,Napoli
"<span class=""like-pre""><a class=""link-Cig"" href=""/superset/recaptcha/?cig=B791A3EDB1&next=dettaglio_cig"" target=""_blank"">B791A3EDB1</a></span>","LOTTO N.4.2ICD DR CON CARATTERISTICHE DI LONGEVITÀ DEL SISTEMA, CON RELATIVI ELETTROCATETERI ATRIALE E VENTRICOLARE DITTAABBOTT MEDICAL ITALIA SRL","<span class=""like-pre""><a class=""link-Cig"" href=""/superset/recaptcha/?sa=03084880263&next=dettaglio_sa"" target=""_blank"">AZIENDA ULSS N. 2 MARCA TREVIGIANA</a></span>","<span class=""like-pre""><a class=""link-Cig"" href=""/superset/recaptcha/?cig=B791A3EDB1&next=dettaglio_rup"" target=""_blank"">GIUSEPPE MAGLIOCCA</a></span>",2025-07-08,2025-07-03,142290.0,139230.0,FORNITURE,Treviso
"<span class=""like-pre""><a class=""link-Cig"" href=""/superset/recaptcha/?cig=B7938D2991&next=dettaglio_cig"" target=""_blank"">B7938D2991</a></span>",SERVIZIO ASILO NIDO,"<span class=""like-pre""><a class=""link-Cig"" href=""/superset/recaptcha/?sa=80009210032&next=dettaglio_sa"" target=""_blank"">COMUNE DI MEZZOMERICO</a></span>","<span class=""like-pre""><a class=""link-Cig"" href=""/superset/recaptcha/?cig=B7938D2991&next=dettaglio_rup"" target=""_blank"">ROSANNA MARIA TRANCHIDA</a></span>",2025-07-09,2025-07-15,106425.0,106425.0,SERVIZI,Novara
"<span class=""like-pre""><a class=""link-Cig"" href=""/superset/recaptcha/?cig=B6AC6D5C63&next=dettaglio_cig"" target=""_blank"">B6AC6D5C63</a></span>","SERVIZI DI MANUTENZIONE DELLE ATTREZZATURE A DISPOSIZIONE DEL SERVIZIO DI MANUTENZIONE DEL VERDE, CON FORNITURA DI PEZZI DI RICAMBIO E/O NUOVE ATTREZZATURE","<span class=""like-pre""><a class=""link-Cig"" href=""/superset/recaptcha/?sa=01741410490&next=dettaglio_sa"" target=""_blank"">SCAPIGLIATO SRL</a></span>","<span class=""like-pre""><a class=""link-Cig"" href=""/superset/recaptcha/?cig=B6AC6D5C63&next=dettaglio_rup"" target=""_blank"">ALDO REPETI</a></span>",2025-05-02,2025-04-30,80000.0,80000.0,SERVIZI,Livorno
"<span class=""like-pre""><a class=""link-Cig"" href=""/superset/recaptcha/?cig=B8AB36744D&next=dettaglio_cig"" target=""_blank"">B8AB36744D</a></span>","SISTEMA PER IL TRATTAMENTO DEL RIGURGITO MITRALICO FUNZIONALE MEDIANTE RIMODELLAMENTO DELL'ANNULUS MITRALICO CON IMPIANTO DI UN DISPOSITIVO ALL'INTERNO DEL SENO CORONARICO. IL SISTEMA DEVE ESSERE COMPOSTO DA UN DISPOSITIVO IN NITINOL, UN CATETERE DI POSIZIONAMENTO ED UN GRUPPO IMPUGNATURA.","<span class=""like-pre""><a class=""link-Cig"" href=""/superset/recaptcha/?sa=01987250782&next=dettaglio_sa"" target=""_blank"">AZIENDA OSPEDALIERA DI COSENZA</a></span>","<span class=""like-pre""><a class=""link-Cig"" href=""/superset/recaptcha/?cig=B8AB36744D&next=dettaglio_rup"" target=""_blank"">GIANMARIO PERRELLI</a></span>",2025-10-17,,368000.0,,FORNITURE,Cosenza
"<span class=""like-pre""><a class=""link-Cig"" href=""/superset/recaptcha/?cig=B805906ADB&next=dettaglio_cig"" target=""_blank"">B805906ADB</a></span>",MICROCATETERE SUPERSELETTIVO CON DIVERSE CONFORMAZIONI DI PUNTA,"<span class=""like-pre""><a class=""link-Cig"" href=""/superset/recaptcha/?sa=01455570562&next=dettaglio_sa"" target=""_blank"">AZIENDA SANITARIA LOCALE VITERBO</a></span>","<span class=""like-pre""><a class=""link-Cig"" href=""/superset/recaptcha/?cig=B805906ADB&next=dettaglio_rup"" target=""_blank"">TANIA MORANO</a></span>",2025-08-26,,100650.0,,FORNITURE,Viterbo
"<span class=""like-pre""><a class=""link-Cig"" href=""/superset/recaptcha/?cig=B7B41A8844&next=dettaglio_cig"" target=""_blank"">B7B41A8844</a></span>",SPESE PER SERVIZI SOCIALI GESTITI DA ASCI DI LOMAZZO ANNO 2025,"<span class=""like-pre""><a class=""link-Cig"" href=""/superset/recaptcha/?sa=00227560133&next=dettaglio_sa"" target=""_blank"">COMUNE DI ROVELLO PORRO</a></span>","<span class=""like-pre""><a class=""link-Cig"" href=""/superset/recaptcha/?cig=B7B41A8844&next=dettaglio_rup"" target=""_blank"">FRANCESCA FRANCHI</a></span>",2025-07-18,,50726.08,,SERVIZI,Como
"<span class=""like-pre""><a class=""link-Cig"" href=""/superset/recaptcha/?cig=B5551625F1&next=dettaglio_cig"" target=""_blank"">B5551625F1</a></span>",ADESIONE ALLA CONVENZIONE ARIA_2023_018 LOTTI 2 E 6 PER LA FORNITURA DI POMPE INFUSIONALI E NUTRIZIONALI E DEFLUSSORI.,"<span class=""like-pre""><a class=""link-Cig"" href=""/superset/recaptcha/?sa=01668320151&next=dettaglio_sa"" target=""_blank"">FONDAZIONE IRCCS ISTITUTO NEUROLOGICO CARLO BESTA</a></span>","<span class=""like-pre""><a class=""link-Cig"" href=""/superset/recaptcha/?cig=B5551625F1&next=dettaglio_rup"" target=""_blank"">MARIA CONCETTA MORABITO</a></span>",2025-01-23,2025-01-30,286080.0,286080.0,FORNITURE,Milano
"<span class=""like-pre""><a class=""link-Cig"" href=""/superset/recaptcha/?cig=B583B9C430&next=dettaglio_cig"" target=""_blank"">B583B9C430</a></span>",SUTURATRICE LINEARE TAGLIA E CUCI MANUALE PRECARICATA O CON RICARICHE MONOUSO,"<span class=""like-pre""><a class=""link-Cig"" href=""/superset/recaptcha/?sa=02853720783&next=dettaglio_sa"" target=""_blank"">AZIENDA SANITARIA PROVINCIALE DI COSENZA</a></span>","<span class=""like-pre""><a class=""link-Cig"" href=""/superset/recaptcha/?cig=B583B9C430&next=dettaglio_rup"" target=""_blank"">FRANCESCO PERRI</a></span>",2025-02-05,2025-02-03,113524.21,113524.21,FORNITURE,Cosenza
"<span class=""like-pre""><a class=""link-Cig"" href=""/superset/recaptcha/?cig=B599ECD12D&next=dettaglio_cig"" target=""_blank"">B599ECD12D</a></span>","SERVIZI GEOLOGICI INERENTI IL PROGETTO: OCDPC 727-2021-BS-019 - BONIFICA FRANA IN LOCALITA' SASSI MARCI, IN COMUNE DI GIANICO","<span class=""like-pre""><a class=""link-Cig"" href=""/superset/recaptcha/?sa=01766100984&next=dettaglio_sa"" target=""_blank"">COMUNITA' MONTANA DI VALLECAMONICA</a></span>","<span class=""like-pre""><a class=""link-Cig"" href=""/superset/recaptcha/?cig=B599ECD12D&next=dettaglio_rup"" target=""_blank"">GIAN BATTISTA SANGALLI</a></span>",2025-02-12,2025-02-11,61321.91,61321.91,SERVIZI,Brescia
"<span class=""like-pre""><a class=""link-Cig"" href=""/superset/recaptcha/?cig=B5ED7FDC90&next=dettaglio_cig"" target=""_blank"">B5ED7FDC90</a></span>",VIAGGI ISTRUZIONE SCUOLA MEDIA,"<span class=""like-pre""><a class=""link-Cig"" href=""/superset/recaptcha/?sa=82008250464&next=dettaglio_sa"" target=""_blank"">ISTITUTO COMPRENSIVO DI SERAVEZZA</a></span>","<span class=""like-pre""><a class=""link-Cig"" href=""/superset/recaptcha/?cig=B5ED7FDC90&next=dettaglio_rup"" target=""_blank"">SILVIA BARBARA MARGHERITA GORI</a></span>",2025-03-07,2025-02-27,55355.0,55355.0,SERVIZI,Lucca
"<span class=""like-pre""><a class=""link-Cig"" href=""/superset/recaptcha/?cig=B6E4333400&next=dettaglio_cig"" target=""_blank"">B6E4333400</a></span>",LAVORI DI SOMMA URGENZA PER IL CONSOLIDAMENTO DEL MURO DI SOSTEGNO DEL PERCORSO PEDONALE PUBBLICO DI VIA VILLAGGIO BORTOLI A SAN NAZARIO.,"<span class=""like-pre""><a class=""link-Cig"" href=""/superset/recaptcha/?sa=04199270242&next=dettaglio_sa"" target=""_blank"">COMUNE DI VALBRENTA</a></span>","<span class=""like-pre""><a class=""link-Cig"" href=""/superset/recaptcha/?cig=B6E4333400&next=dettaglio_rup"" target=""_blank"">NIVIO VANIN</a></span>",2025-05-19,2025-05-16,234537.71,234537.71,LAVORI,Vicenza
"<span class=""like-pre""><a class=""link-Cig"" href=""/superset/recaptcha/?cig=B53090C060&next=dettaglio_cig"" target=""_blank"">B53090C060</a></span>",SERVIZIO DI ACCOGLIENZA SPECIALISTICA SALA FALQUI E SALA MANOSCRITTI DAL 01 GENNAIO 2025 AL 30 GIUGNO 2025,"<span class=""like-pre""><a class=""link-Cig"" href=""/superset/recaptcha/?sa=80232070583&next=dettaglio_sa"" target=""_blank"">BIBLIOTECA NAZIONALE CENTRALE DI ROMA VITTORIO EMANUELE II</a></span>","<span class=""like-pre""><a class=""link-Cig"" href=""/superset/recaptcha/?cig=B53090C060&next=dettaglio_rup"" target=""_blank"">SILVANA DE CAPUA</a></span>",2025-01-15,2025-02-01,70139.52,70139.52,SERVIZI,Roma
"<span class=""like-pre""><a class=""link-Cig"" href=""/superset/recaptcha/?cig=B7E18F691D&next=dettaglio_cig"" target=""_blank"">B7E18F691D</a></span>",DIALISI 5 - LOTTO 9,"<span class=""like-pre""><a class=""link-Cig"" href=""/superset/recaptcha/?sa=92038610371&next=dettaglio_sa"" target=""_blank"">AZ. OSP. UNIV. S.ORSOLA-MALPIGHI</a></span>","<span class=""like-pre""><a class=""link-Cig"" href=""/superset/recaptcha/?cig=B7E18F691D&next=dettaglio_rup"" target=""_blank"">LUCA LELLI</a></span>",2025-08-04,2025-05-09,1092491.71,1092491.71,FORNITURE,Bologna
"<span class=""like-pre""><a class=""link-Cig"" href=""/superset/recaptcha/?cig=B9692B7307&next=dettaglio_cig"" target=""_blank"">B9692B7307</a></span>",AFFIDAMENTO SERVIZIO DI GESTIONE CENTRI COLLETTIVI CON CAPACITÀ RICETTIZIA FINO A 50 POSTI,"<span class=""like-pre""><a class=""link-Cig"" href=""/superset/recaptcha/?sa=80043490103&next=dettaglio_sa"" target=""_blank"">PREFETTURA- UTG GENOVA</a></span>","<span class=""like-pre""><a class=""link-Cig"" href=""/superset/recaptcha/?cig=B9692B7307&next=dettaglio_rup"" target=""_blank"">ELISA NICOLINI</a></span>",2025-12-05,2025-12-12,736222.5,736222.5,SERVIZI,Genova
"<span class=""like-pre""><a class=""link-Cig"" href=""/superset/recaptcha/?cig=B66E7D717D&next=dettaglio_cig"" target=""_blank"">B66E7D717D</a></span>",AFFIDAMENTO DIRETTO FINALIZZATO ALLA STIPULA DI UN ACCORDO QUADRO MONOPERATORE RELATIVO ALLA FORNITURA TRIENNALE DI REAGENTI E PLASTICHE PER I LABORATORI DI MALATTIE INFETTIVE E PARASSITOLOGIA,"<span class=""like-pre""><a class=""link-Cig"" href=""/superset/recaptcha/?sa=80006480281&next=dettaglio_sa"" target=""_blank"">UNIVERSITA' DEGLI STUDI DI PADOVA</a></span>","<span class=""like-pre""><a class=""link-Cig"" href=""/superset/recaptcha/?cig=B66E7D717D&next=dettaglio_rup"" target=""_blank"">GABRIELE NICOLI</a></span>",2025-04-10,2025-04-16,120000.0,120000.0,FORNITURE,Padova
"<span class=""like-pre""><a class=""link-Cig"" href=""/superset/recaptcha/?cig=B7C1033A18&next=dettaglio_cig"" target=""_blank"">B7C1033A18</a></span>",AFFIDAMENTO FORNITURA N. 1 AUTOMEZZO FIAT E-DOBLÒ SERIE 3 ALLESTITO PER TRASPORTO DISABILI.,"<span class=""like-pre""><a class=""link-Cig"" href=""/superset/recaptcha/?sa=02086700222&next=dettaglio_sa"" target=""_blank"">AZIENDA PUBBLICA SERVIZI ALLA PERSONA CLEMENTINO VANNETTI</a></span>","<span class=""like-pre""><a class=""link-Cig"" href=""/superset/recaptcha/?cig=B7C1033A18&next=dettaglio_rup"" target=""_blank"">ANDREA ZENCHER</a></span>",2025-07-25,2025-07-24,44752.0,44752.0,FORNITURE,Trento
"<span class=""like-pre""><a class=""link-Cig"" href=""/superset/recaptcha/?cig=B7DFBC2FB7&next=dettaglio_cig"" target=""_blank"">B7DFBC2FB7</a></span>",LAVORI DI MESSA IN SICUREZZA DEL PONTE SU LAMA PATERNA NEL COMUNE DI BISCEGLIE. PIANO OPERATIVO FSC INFRASTRUTTURE 2014/2020. CUP C15F21000070001 – CIG.9536298210. IMMOBILE SITO IN: VIA G. BOVIO (EX S.S. N. 16 BISCEGLIE-TRANI). AFFIDAMENTO SERVIZI TECNICI DI DIREZIONE LAVORI E COORDINAMENTO PER LA SICUREZZA IN FASE DI ESECUZIONE.,"<span class=""like-pre""><a class=""link-Cig"" href=""/superset/recaptcha/?sa=83001630728&next=dettaglio_sa"" target=""_blank"">COMUNE DI BISCEGLIE</a></span>","<span class=""like-pre""><a class=""link-Cig"" href=""/superset/recaptcha/?cig=B7DFBC2FB7&next=dettaglio_rup"" target=""_blank"">GIACOMO LOSAPIO</a></span>",2025-08-05,2025-08-04,72138.36,72138.36,SERVIZI,
"<span class=""like-pre""><a class=""link-Cig"" href=""/superset/recaptcha/?cig=B7E6147687&next=dettaglio_cig"" target=""_blank"">B7E6147687</a></span>",LOCAZIONE DI AREE DA DESTINARE ALLA REALIZZAZIONE DI UN PARCHEGGIO PUBBLICO PER LA STAGIONE BALNEARE,"<span class=""like-pre""><a class=""link-Cig"" href=""/superset/recaptcha/?sa=01951840907&next=dettaglio_sa"" target=""_blank"">SILENE MULTISERVIZI - S.U.R.L.</a></span>","<span class=""like-pre""><a class=""link-Cig"" href=""/superset/recaptcha/?cig=B7E6147687&next=dettaglio_rup"" target=""_blank"">PIER MARIO MUZZEDDU</a></span>",2025-08-05,,100000.0,,SERVIZI,Sassari
"<span class=""like-pre""><a class=""link-Cig"" href=""/superset/recaptcha/?cig=B290E6662B&next=dettaglio_cig"" target=""_blank"">B290E6662B</a></span>",SERVIZIO DI VERNICIATURA PAVIMENTAZIONE PRESSO LA NOSTRA CENTRALE DI COGENERAZIONE DI MONZA NORD,"<span class=""like-pre""><a class=""link-Cig"" href=""/superset/recaptcha/?sa=01734970120&next=dettaglio_sa"" target=""_blank"">ACINQUE TECNOLOGIE S.P.A.</a></span>","<span class=""like-pre""><a class=""link-Cig"" href=""/superset/recaptcha/?cig=B290E6662B&next=dettaglio_rup"" target=""_blank"">GIOVANNI CHIGHINE</a></span>",2025-08-27,2024-07-22,50000.0,50000.0,SERVIZI,Monza e della Brianza
"<span class=""like-pre""><a class=""link-Cig"" href=""/superset/recaptcha/?cig=B80AE10808&next=dettaglio_cig"" target=""_blank"">B80AE10808</a></span>",LOTTO 332 D.D.176 DEL 2025,"<span class=""like-pre""><a class=""link-Cig"" href=""/superset/recaptcha/?sa=01151150867&next=dettaglio_sa"" target=""_blank"">AZIENDA SANITARIA PROVINCIALE ENNA</a></span>","<span class=""like-pre""><a class=""link-Cig"" href=""/superset/recaptcha/?cig=B80AE10808&next=dettaglio_rup"" target=""_blank"">GIUSEPPA MATILDE ROSARIA LIPIANI</a></span>",2025-08-26,,91371.59,,FORNITURE,Enna
"<span class=""like-pre""><a class=""link-Cig"" href=""/superset/recaptcha/?cig=B7129E9B88&next=dettaglio_cig"" target=""_blank"">B7129E9B88</a></span>",DAC.0360.2025 - AFFIDAMENTO IN URGENZA DEL SERVIZIO DI DISPIEGAMENTO DEL MES LATO DRITTO + ZATTERA ASSERVITA E REVISIONE ANNUALE ZATTERE DI SALVATAGGIO LATO DRITTO,"<span class=""like-pre""><a class=""link-Cig"" href=""/superset/recaptcha/?sa=01585570581&next=dettaglio_sa"" target=""_blank"">RETE FERROVIARIA ITALIANA - SOCIETA' PER AZIONI</a></span>","<span class=""like-pre""><a class=""link-Cig"" href=""/superset/recaptcha/?cig=B7129E9B88&next=dettaglio_rup"" target=""_blank"">FRANCESCA DE SANTIS</a></span>",2025-06-20,2025-07-29,53630.29,53630.29,SERVIZI,Roma
"<span class=""like-pre""><a class=""link-Cig"" href=""/superset/recaptcha/?cig=B80A851A1F&next=dettaglio_cig"" target=""_blank"">B80A851A1F</a></span>",FUNZIONE EDILIZIA SCOLASTICA SU DELEGA DEL COMUNE DI COMELICO SUPERIORE - SERVIZIO GESTIONE DELLA SEZIONE PRIMAVERA PRESSO LA SCUOLA DELLINFANZIA DI CANDIDE NEL PERIODO DAL 10 SETTEMBRE 2025 AL 27 GIUGNO 2026. ,"<span class=""like-pre""><a class=""link-Cig"" href=""/superset/recaptcha/?sa=92001980256&next=dettaglio_sa"" target=""_blank"">UNIONE MONTANA COMELICO E SAPPADA</a></span>","<span class=""like-pre""><a class=""link-Cig"" href=""/superset/recaptcha/?cig=B80A851A1F&next=dettaglio_rup"" target=""_blank"">LIVIO OLIVOTTO</a></span>",2025-08-27,2025-08-26,69993.0,69993.0,SERVIZI,Belluno
"<span class=""like-pre""><a class=""link-Cig"" href=""/superset/recaptcha/?cig=B7BA488066&next=dettaglio_cig"" target=""_blank"">B7BA488066</a></span>",ACCORDO QUADRO PER LA GESTIONE DEI SERVIZI DOMICILIARI E SERVIZI AGGIUNTIVI FINALIZZATI ALL'AUTONOMIA E AL MANTENIMENTO A DOMICILIO DI ANZIANI E DISABILI DA REALIZZARE IN 17 COMUNI DELL'ATS DISTRETTO DI NUORO,"<span class=""like-pre""><a class=""link-Cig"" href=""/superset/recaptcha/?sa=00053070918&next=dettaglio_sa"" target=""_blank"">COMUNE DI NUORO</a></span>","<span class=""like-pre""><a class=""link-Cig"" href=""/superset/recaptcha/?cig=B7BA488066&next=dettaglio_rup"" target=""_blank"">ANTONELLA MURGIA</a></span>",2025-07-23,,4419338.75,4121917.25213,SERVIZI,Nuoro
"<span class=""like-pre""><a class=""link-Cig"" href=""/superset/recaptcha/?cig=B816B93BDF&next=dettaglio_cig"" target=""_blank"">B816B93BDF</a></span>",LAVORI DI MESSA IN SICUREZZA DELL'UTENZA DEBOLE LUNGO LA SP 1 'AMITERNINA' IN CORRISPONDENZA DEL PLESSO SCOLASTICO 'GIANNI RODARI',"<span class=""like-pre""><a class=""link-Cig"" href=""/superset/recaptcha/?sa=80002370668&next=dettaglio_sa"" target=""_blank"">AMMINISTRAZIONE PROVINCIALE DELL'AQUILA</a></span>","<span class=""like-pre""><a class=""link-Cig"" href=""/superset/recaptcha/?cig=B816B93BDF&next=dettaglio_rup"" target=""_blank"">WANDA ILINCA PAOLINI</a></span>",2025-09-02,2025-09-01,122509.0,122509.0,LAVORI,L'Aquila
"<span class=""like-pre""><a class=""link-Cig"" href=""/superset/recaptcha/?cig=B5F52DB13D&next=dettaglio_cig"" target=""_blank"">B5F52DB13D</a></span>",FORNITURA IN ACCORDO QUADRO PER LA REALIZZAZIONE DI GADGET PERSONALIZZATI PER LA PER VARIE ESIGENZE DI ATENEO E DEL SETTORE ORIENTAMENTO,"<span class=""like-pre""><a class=""link-Cig"" href=""/superset/recaptcha/?sa=93002750698&next=dettaglio_sa"" target=""_blank"">UNIVERSITA' DEGLI STUDI G.D'ANNUNZIO DI CHIETI - PESCARA</a></span>","<span class=""like-pre""><a class=""link-Cig"" href=""/superset/recaptcha/?cig=B5F52DB13D&next=dettaglio_rup"" target=""_blank"">DOMENICO DONATO MARCHETTI</a></span>",2025-03-10,2025-03-07,139000.0,139000.0,FORNITURE,Chieti
"<span class=""like-pre""><a class=""link-Cig"" href=""/superset/recaptcha/?cig=B6827B14A6&next=dettaglio_cig"" target=""_blank"">B6827B14A6</a></span>",DL + CSE FOTOVOLTAICO,"<span class=""like-pre""><a class=""link-Cig"" href=""/superset/recaptcha/?sa=80004350163&next=dettaglio_sa"" target=""_blank"">UNIVERSITA' DEGLI STUDI DI BERGAMO</a></span>","<span class=""like-pre""><a class=""link-Cig"" href=""/superset/recaptcha/?cig=B6827B14A6&next=dettaglio_rup"" target=""_blank"">FEDERICA MOSCONI</a></span>",2025-04-16,2025-04-14,62000.0,62000.0,SERVIZI,Bergamo
"<span class=""like-pre""><a class=""link-Cig"" href=""/superset/recaptcha/?cig=B5F13D6FD9&next=dettaglio_cig"" target=""_blank"">B5F13D6FD9</a></span>",ESPLETAMENTO INCARICO PROFESSIONALE PER L'AGGIORNAMENTO DEL PIANO DI UTILIZZAZIONE DEGLI ARENILI,"<span class=""like-pre""><a class=""link-Cig"" href=""/superset/recaptcha/?sa=02298490588&next=dettaglio_sa"" target=""_blank"">COMUNE DI POMEZIA</a></span>","<span class=""like-pre""><a class=""link-Cig"" href=""/superset/recaptcha/?cig=B5F13D6FD9&next=dettaglio_rup"" target=""_blank"">SIMONE DEL DOTTORE</a></span>",2025-03-10,2025-03-06,55000.0,55000.0,SERVIZI,Roma
"<span class=""like-pre""><a class=""link-Cig"" href=""/superset/recaptcha/?cig=B86DE7DA77&next=dettaglio_cig"" target=""_blank"">B86DE7DA77</a></span>",RDA 940002 AFFIDAMENTO DI UN SERVIZIO TRIENNALE DI QUALITY ASSURANCE PER CTU_1. ,"<span class=""like-pre""><a class=""link-Cig"" href=""/superset/recaptcha/?sa=04612750481&next=dettaglio_sa"" target=""_blank"">AZIENDA OSPEDALIERO UNIVERSITARIA CAREGGI</a></span>","<span class=""like-pre""><a class=""link-Cig"" href=""/superset/recaptcha/?cig=B86DE7DA77&next=dettaglio_rup"" target=""_blank"">MICHELE BACHECHI</a></span>",2025-09-30,2025-09-29,118440.0,118440.0,SERVIZI,Firenze
"<span class=""like-pre""><a class=""link-Cig"" href=""/superset/recaptcha/?cig=B774F39236&next=dettaglio_cig"" target=""_blank"">B774F39236</a></span>",SUTURATRICI DISPOSITIVI VARI ,"<span class=""like-pre""><a class=""link-Cig"" href=""/superset/recaptcha/?sa=01661590891&next=dettaglio_sa"" target=""_blank"">AZIENDA SANITARIA PROVINCIALE DI SIRACUSA</a></span>","<span class=""like-pre""><a class=""link-Cig"" href=""/superset/recaptcha/?cig=B774F39236&next=dettaglio_rup"" target=""_blank"">NARDINA MAMMINO</a></span>",2025-06-27,2025-03-11,117600.0,117600.0,FORNITURE,Siracusa
"<span class=""like-pre""><a class=""link-Cig"" href=""/superset/recaptcha/?cig=B86B035930&next=dettaglio_cig"" target=""_blank"">B86B035930</a></span>",FORNITURA DI MACCHINARI PROFESSIONALI PER PULIZIA E SANIFICAZIONE DESTINATI AI PRESIDI SANITARI DELLA ASL BT,"<span class=""like-pre""><a class=""link-Cig"" href=""/superset/recaptcha/?sa=07026330725&next=dettaglio_sa"" target=""_blank"">SANITASERVICE ASL BAT S.R.L.</a></span>","<span class=""like-pre""><a class=""link-Cig"" href=""/superset/recaptcha/?cig=B86B035930&next=dettaglio_rup"" target=""_blank"">DAMIANO MARIA SASSO</a></span>",2025-09-30,2025-09-29,121004.0,121004.0,FORNITURE,
"<span class=""like-pre""><a class=""link-Cig"" href=""/superset/recaptcha/?cig=B86DC3046A&next=dettaglio_cig"" target=""_blank"">B86DC3046A</a></span>",FORNITURA DI LIBRI DI TESTO NECESSARI PER LO STUDIO DEGLI UFFICIALI FREQUENTATORI E ALLIEVI UFFICIALI DELL'ACCADEMIA MILITARE DI MODENA.,"<span class=""like-pre""><a class=""link-Cig"" href=""/superset/recaptcha/?sa=80093240010&next=dettaglio_sa"" target=""_blank"">COMANDO PER LA FORMAZIONE, SPECIALIZZAZIONE E DOTTRINA DELL'ESERCITO</a></span>","<span class=""like-pre""><a class=""link-Cig"" href=""/superset/recaptcha/?cig=B86DC3046A&next=dettaglio_rup"" target=""_blank"">ALESSANDRO DE FELICE</a></span>",2025-09-30,2025-09-29,119743.07,119743.07,FORNITURE,Torino
"<span class=""like-pre""><a class=""link-Cig"" href=""/superset/recaptcha/?cig=B6848F0426&next=dettaglio_cig"" target=""_blank"">B6848F0426</a></span>",MEDICINALI 2025-2027- 3 - NOVARTIS _ LOTTO 121,"<span class=""like-pre""><a class=""link-Cig"" href=""/superset/recaptcha/?sa=01598570354&next=dettaglio_sa"" target=""_blank"">AZIENDA UNITA' SANITARIA LOCALE DI REGGIO EMILIA</a></span>","<span class=""like-pre""><a class=""link-Cig"" href=""/superset/recaptcha/?cig=B6848F0426&next=dettaglio_rup"" target=""_blank"">MAURIZIA GAMBARELLI</a></span>",2025-04-15,2025-04-15,200235.53,200235.53,FORNITURE,Reggio nell'Emilia
"<span class=""like-pre""><a class=""link-Cig"" href=""/superset/recaptcha/?cig=B52F8ACD03&next=dettaglio_cig"" target=""_blank"">B52F8ACD03</a></span>",AFFIDAMENTO TRIENNALE DEL SERVIZIO DI EROGAZIONE DI CORSI DI FORMAZIONE IN MATERIA DI SALUTE E SICUREZZA SUL LAVORO,"<span class=""like-pre""><a class=""link-Cig"" href=""/superset/recaptcha/?sa=01770650909&next=dettaglio_sa"" target=""_blank"">MULTISS S.P.A.</a></span>","<span class=""like-pre""><a class=""link-Cig"" href=""/superset/recaptcha/?cig=B52F8ACD03&next=dettaglio_rup"" target=""_blank"">BARBARA FRANCO</a></span>",2025-06-30,2025-01-14,131840.0,131840.0,SERVIZI,Sassari
"<span class=""like-pre""><a class=""link-Cig"" href=""/superset/recaptcha/?cig=B5A637C023&next=dettaglio_cig"" target=""_blank"">B5A637C023</a></span>",ACCORDO QUADRO PER LAVORI DI MANUTENZIONE E TENUTA IN ESERCIZIO DEGLI IMPIANTI TECNOLOGICI DEGLI IMMOBILI E DEGLI AMBITI DEMANIALI DEL PORTO DI BARI,"<span class=""like-pre""><a class=""link-Cig"" href=""/superset/recaptcha/?sa=08032850722&next=dettaglio_sa"" target=""_blank"">AUTORITA' DI SISTEMA PORTUALE DEL MARE ADRIATICO MERIDIONALE</a></span>","<span class=""like-pre""><a class=""link-Cig"" href=""/superset/recaptcha/?cig=B5A637C023&next=dettaglio_rup"" target=""_blank"">ANTONIO PANTANELLA</a></span>",2025-06-13,2025-02-14,131801.53,131801.53,LAVORI,Brindisi
"<span class=""like-pre""><a class=""link-Cig"" href=""/superset/recaptcha/?cig=B7BF30667C&next=dettaglio_cig"" target=""_blank"">B7BF30667C</a></span>",FORNITURA DI N. 1 CARRELLO ELEVATORE MANITOU MODELLO ME 450 CON KIT E ABBONAMENTO INDUSTRIA 4.0 PER N. 5 ANNI,"<span class=""like-pre""><a class=""link-Cig"" href=""/superset/recaptcha/?sa=01159270329&next=dettaglio_sa"" target=""_blank"">PORTO DI TRIESTE SERVIZI S.R.L.</a></span>","<span class=""like-pre""><a class=""link-Cig"" href=""/superset/recaptcha/?cig=B7BF30667C&next=dettaglio_rup"" target=""_blank"">MARCO STORCHI</a></span>",2025-07-24,2025-07-23,68050.0,68050.0,FORNITURE,Trieste
"<span class=""like-pre""><a class=""link-Cig"" href=""/superset/recaptcha/?cig=B7C008F1E6&next=dettaglio_cig"" target=""_blank"">B7C008F1E6</a></span>",LORVIQUA*30CPR RIV 100MG,"<span class=""like-pre""><a class=""link-Cig"" href=""/superset/recaptcha/?sa=09315660960&next=dettaglio_sa"" target=""_blank"">AZIENDA SOCIO SANITARIA TERRITORIALE (ASST) GRANDE OSPEDALE METROPOLITANO NIGUARDA</a></span>","<span class=""like-pre""><a class=""link-Cig"" href=""/superset/recaptcha/?cig=B7C008F1E6&next=dettaglio_rup"" target=""_blank"">ALBERTO SALVATORE RUSSO</a></span>",2025-07-23,2025-07-22,109815.74999999999,53272.8,FORNITURE,Milano
"<span class=""like-pre""><a class=""link-Cig"" href=""/superset/recaptcha/?cig=B772327402&next=dettaglio_cig"" target=""_blank"">B772327402</a></span>","LOTTO 69: PROCEDURA APERTA MATERIALE DI CONSUMO PER RADIOLOGIA INTERVENSTICA E CHIRURGIA VASCOLARE LOTTI DESERTI, NON AGGIUDICATI E ULTERIORI DISPOSITIVI - PER DESCRIZIONE COMPLETA VEDI CAPITOLATO TECNICO","<span class=""like-pre""><a class=""link-Cig"" href=""/superset/recaptcha/?sa=04721290874&next=dettaglio_sa"" target=""_blank"">AZIENDA OSPEDALIERO UNIVERSIT ARIA POLICLINICO V. EMANUELE</a></span>","<span class=""like-pre""><a class=""link-Cig"" href=""/superset/recaptcha/?cig=B772327402&next=dettaglio_rup"" target=""_blank"">CALOGERO RAFFAELE ADDAMO</a></span>",2025-06-30,,42048.0,,FORNITURE,Catania
"<span class=""like-pre""><a class=""link-Cig"" href=""/superset/recaptcha/?cig=B7F1F3EA18&next=dettaglio_cig"" target=""_blank"">B7F1F3EA18</a></span>",RIABILITAZIONE ETÀ EVOLUTIVA SCRIGNO 5150 PRESTAZIONI DECRETO 535,"<span class=""like-pre""><a class=""link-Cig"" href=""/superset/recaptcha/?sa=02613260187&next=dettaglio_sa"" target=""_blank"">AGENZIA DI TUTELA DELLA SALUTE DI PAVIA</a></span>","<span class=""like-pre""><a class=""link-Cig"" href=""/superset/recaptcha/?cig=B7F1F3EA18&next=dettaglio_rup"" target=""_blank"">VALENTINA POGGI</a></span>",2025-08-08,,230205.0,,SERVIZI,Pavia
"<span class=""like-pre""><a class=""link-Cig"" href=""/superset/recaptcha/?cig=B567186DE9&next=dettaglio_cig"" target=""_blank"">B567186DE9</a></span>",FORNITURA DI MANIPOLI E ACCESSORI PER L'U.O. DI ORTOPEDIA E TRAUMATOLOGIA DELL'ARNAS.,"<span class=""like-pre""><a class=""link-Cig"" href=""/superset/recaptcha/?sa=05841770828&next=dettaglio_sa"" target=""_blank"">ARNAS CIVICO - DI CRISTINA - BENFRATELLI</a></span>","<span class=""like-pre""><a class=""link-Cig"" href=""/superset/recaptcha/?cig=B567186DE9&next=dettaglio_rup"" target=""_blank"">MARIA ERNESTA GAGLIARDO</a></span>",2025-01-30,2025-02-14,136162.2,136162.2,FORNITURE,Palermo
"<span class=""like-pre""><a class=""link-Cig"" href=""/superset/recaptcha/?cig=B568DE685C&next=dettaglio_cig"" target=""_blank"">B568DE685C</a></span>","FORNITURA DI ENERGIA ELETTRICA, MEDIANTE ADESIONE ALLA CONVENZIONE CONSIP ENERGIA ELETTRICA 21 – LOTTO 16, A FAVORE DEL CENTRO RIFORNIMENTO DI COMMISSARIATO DI PALERMO, DELLA DURATA DI 12 MESI, RELATIVO AL PERIODO DAL 01/05/2025 AL 30/04/2026.","<span class=""like-pre""><a class=""link-Cig"" href=""/superset/recaptcha/?sa=96404830588&next=dettaglio_sa"" target=""_blank"">DIREZIONE DI INTENDENZA DEL COMANDO LOGISTICO DELL'ESERCITO</a></span>","<span class=""like-pre""><a class=""link-Cig"" href=""/superset/recaptcha/?cig=B568DE685C&next=dettaglio_rup"" target=""_blank"">PIETRO DENTICI</a></span>",2025-01-29,2025-05-01,80000.0,80000.0,SERVIZI,Palermo
"<span class=""like-pre""><a class=""link-Cig"" href=""/superset/recaptcha/?cig=B62F18EDBD&next=dettaglio_cig"" target=""_blank"">B62F18EDBD</a></span>","LAVORI DI REALIZZAZIONE NUOVA PISTA CICLABILE PER LA MESSA IN SICUREZZA PERCORRIBILITÀ S.R. 11. INCARICO PROFESSIONALE DELLA PROGETTAZIONE DI FATTIBILITA' TECNICO ECONOMICA, ESECUTIVA, COORDINAMENTO DELLA SICUREZZA IN FASE DI PROGETTAZIONE ED ESECUZIONE E DIREZIONE LAVORI","<span class=""like-pre""><a class=""link-Cig"" href=""/superset/recaptcha/?sa=00518900246&next=dettaglio_sa"" target=""_blank"">COMUNE DI ALTAVILLA VICENTINA</a></span>","<span class=""like-pre""><a class=""link-Cig"" href=""/superset/recaptcha/?cig=B62F18EDBD&next=dettaglio_rup"" target=""_blank"">GIANLUCA PAULETTO</a></span>",2025-03-25,2025-03-21,51898.0,51898.0,SERVIZI,Vicenza
"<span class=""like-pre""><a class=""link-Cig"" href=""/superset/recaptcha/?cig=B77BE02E6F&next=dettaglio_cig"" target=""_blank"">B77BE02E6F</a></span>",DBO- ENTE MORALE CASE DI RIPOSO S. ANNA S. CATERINA INSERIMENTO DISABILI C/O CSRR COMUNITÀ PUZZLE 2025,"<span class=""like-pre""><a class=""link-Cig"" href=""/superset/recaptcha/?sa=02406911202&next=dettaglio_sa"" target=""_blank"">SERV.SAN.REG.EM-RO USL DI BO</a></span>","<span class=""like-pre""><a class=""link-Cig"" href=""/superset/recaptcha/?cig=B77BE02E6F&next=dettaglio_rup"" target=""_blank"">ALBERTO MAURIZZI</a></span>",2025-07-01,,1224131.0,,SERVIZI,Bologna
"<span class=""like-pre""><a class=""link-Cig"" href=""/superset/recaptcha/?cig=B8C67BA53B&next=dettaglio_cig"" target=""_blank"">B8C67BA53B</a></span>",TRASPORTO SANITARIO DI EMERGENZA IN FORMA CONTINUATIVA,"<span class=""like-pre""><a class=""link-Cig"" href=""/superset/recaptcha/?sa=12685160017&next=dettaglio_sa"" target=""_blank"">AZIENDA SANITARIA ZERO</a></span>","<span class=""like-pre""><a class=""link-Cig"" href=""/superset/recaptcha/?cig=B8C67BA53B&next=dettaglio_rup"" target=""_blank"">CRISTIAN ROLLE</a></span>",2025-10-23,,247000.0,,SERVIZI,Torino
"<span class=""like-pre""><a class=""link-Cig"" href=""/superset/recaptcha/?cig=B57E273068&next=dettaglio_cig"" target=""_blank"">B57E273068</a></span>","NR011 - REALIZZAZIONE DELLA CICLOVIA TURISTICA LUNGO LA STRADA DI SERVIZIO DEL CANALE PRINCIPALE DELL'ACQUEDOTTO PUGLIESE, NELTRATTO TRA IL CONFINE CON LA BASILICATA (SPINAZZOLA) FINO A LOCOROTONDO IN CORRISPONDENZA DEL NODO IDRAULICO FIGAZZANO(LOCOROTONDO) - TRONCO III DAL NODO IDRICO OPERE 3 E 3BIS (GIOIA DEL COLLE) AL NODO IDRICO DI FIGAZZANO (CISTERNINO) - INDAGINI GEOGNOSTICHE","<span class=""like-pre""><a class=""link-Cig"" href=""/superset/recaptcha/?sa=00347000721&next=dettaglio_sa"" target=""_blank"">ACQUEDOTTO PUGLIESE SPA</a></span>","<span class=""like-pre""><a class=""link-Cig"" href=""/superset/recaptcha/?cig=B57E273068&next=dettaglio_rup"" target=""_blank"">ALFREDO ANGELO DEGIOVANNI</a></span>",2025-02-04,2022-08-02,49243.09,49243.09,SERVIZI,Bari
"<span class=""like-pre""><a class=""link-Cig"" href=""/superset/recaptcha/?cig=B58102CBAA&next=dettaglio_cig"" target=""_blank"">B58102CBAA</a></span>",FORNITURA IN SERVICE DI UNA PIATTAFORMA BIOINFORMATICA PER L'ANALISI TERZIARIA DEL DATO GENOMICO,"<span class=""like-pre""><a class=""link-Cig"" href=""/superset/recaptcha/?sa=93062260505&next=dettaglio_sa"" target=""_blank"">FONDAZIONE TOSCANA GABRIELE MONASTERIO PER LA RICERCA MEDICA E DI SANITA' PUBBLICA</a></span>","<span class=""like-pre""><a class=""link-Cig"" href=""/superset/recaptcha/?cig=B58102CBAA&next=dettaglio_rup"" target=""_blank"">GUSTAVO DEL LUPO</a></span>",2025-02-05,2025-02-05,48656.56,48656.56,SERVIZI,Pisa
"<span class=""like-pre""><a class=""link-Cig"" href=""/superset/recaptcha/?cig=B8D66593F2&next=dettaglio_cig"" target=""_blank"">B8D66593F2</a></span>",BUONI EDUCATIVI 03 - 1^FIN.25/26 - 774MQ,"<span class=""like-pre""><a class=""link-Cig"" href=""/superset/recaptcha/?sa=00362170714&next=dettaglio_sa"" target=""_blank"">COMUNE DI CERIGNOLA</a></span>","<span class=""like-pre""><a class=""link-Cig"" href=""/superset/recaptcha/?cig=B8D66593F2&next=dettaglio_rup"" target=""_blank"">DANIELA CONTE</a></span>",2025-10-28,,86174.0,,SERVIZI,Foggia
"<span class=""like-pre""><a class=""link-Cig"" href=""/superset/recaptcha/?cig=B5ACFA62A5&next=dettaglio_cig"" target=""_blank"">B5ACFA62A5</a></span>",LOTTO I ALBO B FONDAZIONE OPERA SANTA RITA DA CASCIA ,"<span class=""like-pre""><a class=""link-Cig"" href=""/superset/recaptcha/?sa=01975410976&next=dettaglio_sa"" target=""_blank"">SOCIETA' DELLA SALUTE AREA PRATESE</a></span>","<span class=""like-pre""><a class=""link-Cig"" href=""/superset/recaptcha/?cig=B5ACFA62A5&next=dettaglio_rup"" target=""_blank"">LORENA PAGANELLI</a></span>",2025-02-17,2025-01-01,445000.0,445000.0,SERVIZI,Prato
"<span class=""like-pre""><a class=""link-Cig"" href=""/superset/recaptcha/?cig=B566C24CC0&next=dettaglio_cig"" target=""_blank"">B566C24CC0</a></span>",SERVIZIO DI TRASPORTO DELLE PERSONE CON DISABILITÀ FREQUENTANTI I CENTRI DIURNI DEL C.S.S.M.,"<span class=""like-pre""><a class=""link-Cig"" href=""/superset/recaptcha/?sa=02536070044&next=dettaglio_sa"" target=""_blank"">CONSORZIO PER I SERVIZI SOCIO-ASSISTENZIALI DEL MONREGALESE</a></span>","<span class=""like-pre""><a class=""link-Cig"" href=""/superset/recaptcha/?cig=B566C24CC0&next=dettaglio_rup"" target=""_blank"">SARA BOSIO</a></span>",2025-01-29,2025-03-20,103329.6,102296.3,SERVIZI,Cuneo
"<span class=""like-pre""><a class=""link-Cig"" href=""/superset/recaptcha/?cig=B523367248&next=dettaglio_cig"" target=""_blank"">B523367248</a></span>",RICHIESTA DI OFFERTA PER: N. 12 MONITOR LAVAGNA INTERATTIVA TOUCH SCREEN 86 E N. 12 CARRELLO/TROLLEY PER MONITOR DA 86,"<span class=""like-pre""><a class=""link-Cig"" href=""/superset/recaptcha/?sa=02201130610&next=dettaglio_sa"" target=""_blank"">AZIENDA OSPEDALIERA SANT'ANNA E SAN SEBASTIANO</a></span>","<span class=""like-pre""><a class=""link-Cig"" href=""/superset/recaptcha/?cig=B523367248&next=dettaglio_rup"" target=""_blank"">GIOVANNI SFERRAGATTA</a></span>",2025-01-09,,60000.0,,FORNITURE,Caserta
"<span class=""like-pre""><a class=""link-Cig"" href=""/superset/recaptcha/?cig=B81DF552A2&next=dettaglio_cig"" target=""_blank"">B81DF552A2</a></span>",PROVINCIA DI MODENA INCARICO PER AFFIDAMENTO DEI LAVORI RELATIVI ALL'INTERVENTO: ER-URVI-001124,"<span class=""like-pre""><a class=""link-Cig"" href=""/superset/recaptcha/?sa=04570621005&next=dettaglio_sa"" target=""_blank"">CONSAP CONCESSIONARIA SERVIZI ASSICURATIVI PUBBLICI S.P.A.</a></span>","<span class=""like-pre""><a class=""link-Cig"" href=""/superset/recaptcha/?cig=B81DF552A2&next=dettaglio_rup"" target=""_blank"">LEONARDO FRANCESCO NUCARA</a></span>",2025-09-04,2025-09-03,225906.16,225906.16,LAVORI,Roma
"<span class=""like-pre""><a class=""link-Cig"" href=""/superset/recaptcha/?cig=B76CC06D54&next=dettaglio_cig"" target=""_blank"">B76CC06D54</a></span>","SERVIZIO DI STAMPA, INSTALLAZIONE E DISMISSIONE ADESIVI PUBBLICITARI SUI MEZZI AZIENDALI","<span class=""like-pre""><a class=""link-Cig"" href=""/superset/recaptcha/?sa=04797180827&next=dettaglio_sa"" target=""_blank"">AMAT PALERMO SPA</a></span>","<span class=""like-pre""><a class=""link-Cig"" href=""/superset/recaptcha/?cig=B76CC06D54&next=dettaglio_rup"" target=""_blank"">MARGHERITA CAROLLO</a></span>",2025-06-26,,317685.76,,SERVIZI,Palermo
"<span class=""like-pre""><a class=""link-Cig"" href=""/superset/recaptcha/?cig=B8228B6082&next=dettaglio_cig"" target=""_blank"">B8228B6082</a></span>",LOTTO246,"<span class=""like-pre""><a class=""link-Cig"" href=""/superset/recaptcha/?sa=00303490189&next=dettaglio_sa"" target=""_blank"">FONDAZIONE IRCCS POLICLINICO 'S.MATTEO'</a></span>","<span class=""like-pre""><a class=""link-Cig"" href=""/superset/recaptcha/?cig=B8228B6082&next=dettaglio_rup"" target=""_blank"">OLIVIA PICCININI</a></span>",2025-09-04,2025-09-03,350000.0,350000.0,FORNITURE,Pavia
"<span class=""like-pre""><a class=""link-Cig"" href=""/superset/recaptcha/?cig=B774E71D27&next=dettaglio_cig"" target=""_blank"">B774E71D27</a></span>","FORNITURA E CONSEGNA URGENTE DI FARMACI, PARAFARMACI E ALTRO MATERIALE SANITARIO","<span class=""like-pre""><a class=""link-Cig"" href=""/superset/recaptcha/?sa=06534340721&next=dettaglio_sa"" target=""_blank"">AZIENDA SANITARIA LOCALE BA</a></span>","<span class=""like-pre""><a class=""link-Cig"" href=""/superset/recaptcha/?cig=B774E71D27&next=dettaglio_rup"" target=""_blank"">VINCENZO NAPOLIELLO</a></span>",2025-06-27,,210000.0,,FORNITURE,Bari
"<span class=""like-pre""><a class=""link-Cig"" href=""/superset/recaptcha/?cig=B5B48BBE2A&next=dettaglio_cig"" target=""_blank"">B5B48BBE2A</a></span>",SERVIZIO DI MANUTENZIONE E RIPARAZIONE AUTOMEZZO MARCA IVECO MAGIRUS 260S31Y/PS MUINITO DI ATTREZZATURA DI COMPATTAZIONE MARCA MAZZOCCHIA TIPO ECOMAC2NB/23,"<span class=""like-pre""><a class=""link-Cig"" href=""/superset/recaptcha/?sa=05269961214&next=dettaglio_sa"" target=""_blank"">ANACAPRI SERVIZI SRL</a></span>","<span class=""like-pre""><a class=""link-Cig"" href=""/superset/recaptcha/?cig=B5B48BBE2A&next=dettaglio_rup"" target=""_blank"">PAOLO STAIANO</a></span>",2025-02-20,2024-02-19,22180.48,22180.48,SERVIZI,Napoli
"<span class=""like-pre""><a class=""link-Cig"" href=""/superset/recaptcha/?cig=B8BFD644ED&next=dettaglio_cig"" target=""_blank"">B8BFD644ED</a></span>",B9 - MONTELPARO,"<span class=""like-pre""><a class=""link-Cig"" href=""/superset/recaptcha/?sa=90038780442&next=dettaglio_sa"" target=""_blank"">PROVINCIA DI FERMO</a></span>","<span class=""like-pre""><a class=""link-Cig"" href=""/superset/recaptcha/?cig=B8BFD644ED&next=dettaglio_rup"" target=""_blank"">GIAN LUCA RONGONI</a></span>",2025-10-22,,11814.33,,SERVIZI,Fermo
"<span class=""like-pre""><a class=""link-Cig"" href=""/superset/recaptcha/?cig=B74232082C&next=dettaglio_cig"" target=""_blank"">B74232082C</a></span>","AGO PER ANESTESIA SPINALE PUNTA TIPO SPROTTE,ATRAUMATICO, IMBUSTATI SINGOLARMENTE, MONOUSO, STERILI, LATEX FREE. MISURE: 25G E 27G*88-90MM; 25G E 27G *100-120MM","<span class=""like-pre""><a class=""link-Cig"" href=""/superset/recaptcha/?sa=90062670725&next=dettaglio_sa"" target=""_blank"">AZIENDA SANITARIA LOCALE BT</a></span>","<span class=""like-pre""><a class=""link-Cig"" href=""/superset/recaptcha/?cig=B74232082C&next=dettaglio_rup"" target=""_blank"">FRANCESCO DALENO</a></span>",2025-06-13,,1296.0,,FORNITURE,Barletta-Andria-Trani
"<span class=""like-pre""><a class=""link-Cig"" href=""/superset/recaptcha/?cig=B697E7723E&next=dettaglio_cig"" target=""_blank"">B697E7723E</a></span>",INFISSI,"<span class=""like-pre""><a class=""link-Cig"" href=""/superset/recaptcha/?sa=81002190718&next=dettaglio_sa"" target=""_blank"">COMUNE DI ORDONA</a></span>","<span class=""like-pre""><a class=""link-Cig"" href=""/superset/recaptcha/?cig=B697E7723E&next=dettaglio_rup"" target=""_blank"">GIOVANNI PASSIANTE</a></span>",2025-04-23,,39800.0,,FORNITURE,Foggia
"<span class=""like-pre""><a class=""link-Cig"" href=""/superset/recaptcha/?cig=B82410825D&next=dettaglio_cig"" target=""_blank"">B82410825D</a></span>",ACQUISTO TRADEUP FORTIGATE FG300E E SOSTITUZIONE CON UN FORTIGATE 100F E FORTICLOUD CON LICENZA 3 ANNI E PROXY SERVER PER LA SEDE DEL COMUNE DI CAMAIORE.,"<span class=""like-pre""><a class=""link-Cig"" href=""/superset/recaptcha/?sa=00190560466&next=dettaglio_sa"" target=""_blank"">COMUNE DI CAMAIORE</a></span>","<span class=""like-pre""><a class=""link-Cig"" href=""/superset/recaptcha/?cig=B82410825D&next=dettaglio_rup"" target=""_blank"">PIETRO GIANNINI</a></span>",2025-09-08,2025-09-05,8200.0,8200.0,FORNITURE,Lucca
"<span class=""like-pre""><a class=""link-Cig"" href=""/superset/recaptcha/?cig=B5B72CE6AF&next=dettaglio_cig"" target=""_blank"">B5B72CE6AF</a></span>",SERVIZIO DI VERIFICA E DI RIPRISTINO FUNZIONALE DELLE ATTREZZATURE D'OFFICINA E DI SOLLEVAMENTO IN DOTAZIONE AGLI ASSETTI MOBILI PER LE ESIGENZE DEL REPARTO MOBILE DI COMANDO E CONTROLLO DI BARI PALESE.,"<span class=""like-pre""><a class=""link-Cig"" href=""/superset/recaptcha/?sa=80006900726&next=dettaglio_sa"" target=""_blank"">QUARTIER GENERALE COMANDO SCUOLE A.M./III REGIONE AEREA BARI - PALESE</a></span>","<span class=""like-pre""><a class=""link-Cig"" href=""/superset/recaptcha/?cig=B5B72CE6AF&next=dettaglio_rup"" target=""_blank"">SALVATORE FOGLIO</a></span>",2025-02-19,,4098.36,,SERVIZI,Bari
"<span class=""like-pre""><a class=""link-Cig"" href=""/superset/recaptcha/?cig=B824C0B8AB&next=dettaglio_cig"" target=""_blank"">B824C0B8AB</a></span>",ADESIONE CONVENZIONE INNOVAPUGLIA PER ELETTROLITICA M IN AS 12,"<span class=""like-pre""><a class=""link-Cig"" href=""/superset/recaptcha/?sa=00727270720&next=dettaglio_sa"" target=""_blank"">ISTIUTO TUMORI GIOVANNI PAOLO II IRCCS BARI</a></span>","<span class=""like-pre""><a class=""link-Cig"" href=""/superset/recaptcha/?cig=B824C0B8AB&next=dettaglio_rup"" target=""_blank"">FILIPPO TRAGNI</a></span>",2025-09-05,2025-09-05,2400.0,2400.0,FORNITURE,Bari
"<span class=""like-pre""><a class=""link-Cig"" href=""/superset/recaptcha/?cig=B901D1FC4D&next=dettaglio_cig"" target=""_blank"">B901D1FC4D</a></span>",INCARICO DI CONSULENZA LEGALE IN MATERIA DI PROVVEDIMENTO DISCIPLINARE,"<span class=""like-pre""><a class=""link-Cig"" href=""/superset/recaptcha/?sa=03337111201&next=dettaglio_sa"" target=""_blank"">ASP CITTA' DI BOLOGNA</a></span>","<span class=""like-pre""><a class=""link-Cig"" href=""/superset/recaptcha/?cig=B901D1FC4D&next=dettaglio_rup"" target=""_blank"">AUGUSTO DE LUCA</a></span>",2025-11-07,,4760.0,,SERVIZI,Bologna
"<span class=""like-pre""><a class=""link-Cig"" href=""/superset/recaptcha/?cig=B6608A0D94&next=dettaglio_cig"" target=""_blank"">B6608A0D94</a></span>",ACQUISTO CAVI CORDAMI,"<span class=""like-pre""><a class=""link-Cig"" href=""/superset/recaptcha/?sa=90007460893&next=dettaglio_sa"" target=""_blank"">DIREZIONE DI INTENDENZA DELLA MARINA MILITARE DI AUGUSTA</a></span>","<span class=""like-pre""><a class=""link-Cig"" href=""/superset/recaptcha/?cig=B6608A0D94&next=dettaglio_rup"" target=""_blank"">SILVIO ROMEO FERRO</a></span>",2025-04-07,,2295.08,,FORNITURE,Siracusa
"<span class=""like-pre""><a class=""link-Cig"" href=""/superset/recaptcha/?cig=B552A44E1E&next=dettaglio_cig"" target=""_blank"">B552A44E1E</a></span>",RPA 16 - FORNITURA MATERIALE PER IL RIPRISTINO EFFICIENZA DELL'IMPIANTO ACQUA MARE DI NAVE ORIONE E DELL'IMPIANTO DI TRASPORTO JP5 DI NAVE SALINA. - CAP. 1190/7 E.F. 2025,"<span class=""like-pre""><a class=""link-Cig"" href=""/superset/recaptcha/?sa=90007460893&next=dettaglio_sa"" target=""_blank"">DIREZIONE DI INTENDENZA DELLA MARINA MILITARE DI AUGUSTA</a></span>","<span class=""like-pre""><a class=""link-Cig"" href=""/superset/recaptcha/?cig=B552A44E1E&next=dettaglio_rup"" target=""_blank"">SILVIO ROMEO FERRO</a></span>",2025-01-23,,6200.0,,FORNITURE,Siracusa
"<span class=""like-pre""><a class=""link-Cig"" href=""/superset/recaptcha/?cig=B827373D8B&next=dettaglio_cig"" target=""_blank"">B827373D8B</a></span>",INCLUSIONE SCOLASTICA SCUOLE 2 GRADO AS 2025 2026,"<span class=""like-pre""><a class=""link-Cig"" href=""/superset/recaptcha/?sa=80105450151&next=dettaglio_sa"" target=""_blank"">COMUNE DI CALVIGNASCO</a></span>","<span class=""like-pre""><a class=""link-Cig"" href=""/superset/recaptcha/?cig=B827373D8B&next=dettaglio_rup"" target=""_blank"">SIMONE CODEGONI</a></span>",2025-09-09,2025-09-07,8330.0,8330.0,SERVIZI,Milano
"<span class=""like-pre""><a class=""link-Cig"" href=""/superset/recaptcha/?cig=B828D61368&next=dettaglio_cig"" target=""_blank"">B828D61368</a></span>",MANUTENZIONE PRESIDI ANTINCENDIO,"<span class=""like-pre""><a class=""link-Cig"" href=""/superset/recaptcha/?sa=93015830297&next=dettaglio_sa"" target=""_blank"">ISTITUTO RODIGINO DI ASSISTENZA</a></span>","<span class=""like-pre""><a class=""link-Cig"" href=""/superset/recaptcha/?cig=B828D61368&next=dettaglio_rup"" target=""_blank"">ARTURO GHINATTI</a></span>",2025-09-09,2025-09-08,8674.8,8674.8,SERVIZI,Rovigo
"<span class=""like-pre""><a class=""link-Cig"" href=""/superset/recaptcha/?cig=B5F799DD1E&next=dettaglio_cig"" target=""_blank"">B5F799DD1E</a></span>",SONDA PROSTATICA,"<span class=""like-pre""><a class=""link-Cig"" href=""/superset/recaptcha/?sa=93002460769&next=dettaglio_sa"" target=""_blank"">I.R.C.C.S.-C.R.O.B.</a></span>","<span class=""like-pre""><a class=""link-Cig"" href=""/superset/recaptcha/?cig=B5F799DD1E&next=dettaglio_rup"" target=""_blank"">NOEMI FIGLIUOLO</a></span>",2025-03-11,2025-03-17,13350.0,13350.0,FORNITURE,Potenza
"<span class=""like-pre""><a class=""link-Cig"" href=""/superset/recaptcha/?cig=B82AEA3561&next=dettaglio_cig"" target=""_blank"">B82AEA3561</a></span>",GUIDA IDROFILA PUNTA PREFORMATA,"<span class=""like-pre""><a class=""link-Cig"" href=""/superset/recaptcha/?sa=03775110988&next=dettaglio_sa"" target=""_blank"">ASST DEGLI SPEDALI CIVILI DI BRESCIA</a></span>","<span class=""like-pre""><a class=""link-Cig"" href=""/superset/recaptcha/?cig=B82AEA3561&next=dettaglio_rup"" target=""_blank"">CINZIA PE</a></span>",2025-09-09,2025-09-07,1000.0,1000.0,FORNITURE,Brescia
"<span class=""like-pre""><a class=""link-Cig"" href=""/superset/recaptcha/?cig=B5B7981DF0&next=dettaglio_cig"" target=""_blank"">B5B7981DF0</a></span>",INTERVENTI DI MANUTENZIONE,"<span class=""like-pre""><a class=""link-Cig"" href=""/superset/recaptcha/?sa=02701420107&next=dettaglio_sa"" target=""_blank"">AEROPORTO DI GENOVA S.P.A</a></span>","<span class=""like-pre""><a class=""link-Cig"" href=""/superset/recaptcha/?cig=B5B7981DF0&next=dettaglio_rup"" target=""_blank"">FRANCESCO MARIA D'AMICO</a></span>",2025-02-20,2025-02-18,7563.91,7563.91,SERVIZI,Genova
"<span class=""like-pre""><a class=""link-Cig"" href=""/superset/recaptcha/?cig=B5F9496F4D&next=dettaglio_cig"" target=""_blank"">B5F9496F4D</a></span>",ADESIONE A.Q. FARMACI VI_LOTTO 510_VIATRIS ITALIA SRL,"<span class=""like-pre""><a class=""link-Cig"" href=""/superset/recaptcha/?sa=02500660440&next=dettaglio_sa"" target=""_blank"">AZIENDA SANITARIA TERRITORIALE DI FERMO</a></span>","<span class=""like-pre""><a class=""link-Cig"" href=""/superset/recaptcha/?cig=B5F9496F4D&next=dettaglio_rup"" target=""_blank"">FULVIO DE CICCO</a></span>",2025-03-10,2025-01-13,1612.8,1612.8,FORNITURE,Fermo
"<span class=""like-pre""><a class=""link-Cig"" href=""/superset/recaptcha/?cig=B71535061C&next=dettaglio_cig"" target=""_blank"">B71535061C</a></span>",FORNITURA DI SOTTOSCRIZIONI SOFTWARE PER LA GESTIONE SICURA DELLE PASSWORD,"<span class=""like-pre""><a class=""link-Cig"" href=""/superset/recaptcha/?sa=06382641006&next=dettaglio_sa"" target=""_blank"">RAI RADIOTELEVISIONE ITALIANA S.P.A.</a></span>","<span class=""like-pre""><a class=""link-Cig"" href=""/superset/recaptcha/?cig=B71535061C&next=dettaglio_rup"" target=""_blank"">MARCO BELLACCINI</a></span>",2025-05-30,2025-05-29,37152.0,37152.0,SERVIZI,Roma
"<span class=""like-pre""><a class=""link-Cig"" href=""/superset/recaptcha/?cig=B82E8E2653&next=dettaglio_cig"" target=""_blank"">B82E8E2653</a></span>",LOTTO470,"<span class=""like-pre""><a class=""link-Cig"" href=""/superset/recaptcha/?sa=00303490189&next=dettaglio_sa"" target=""_blank"">FONDAZIONE IRCCS POLICLINICO 'S.MATTEO'</a></span>","<span class=""like-pre""><a class=""link-Cig"" href=""/superset/recaptcha/?cig=B82E8E2653&next=dettaglio_rup"" target=""_blank"">OLIVIA PICCININI</a></span>",2025-09-09,2025-09-08,10000.0,10000.0,FORNITURE,Pavia
"<span class=""like-pre""><a class=""link-Cig"" href=""/superset/recaptcha/?cig=B58CDD1B91&next=dettaglio_cig"" target=""_blank"">B58CDD1B91</a></span>",005/2025_UD FORNITURA TENSOSTRUTTURA PER RICOVERO MATERIALI,"<span class=""like-pre""><a class=""link-Cig"" href=""/superset/recaptcha/?sa=80014930327&next=dettaglio_sa"" target=""_blank"">REGIONE AUTONOMA FRIULI VENEZIA GIULIA</a></span>","<span class=""like-pre""><a class=""link-Cig"" href=""/superset/recaptcha/?cig=B58CDD1B91&next=dettaglio_rup"" target=""_blank"">DARIO AVON</a></span>",2025-02-10,2025-02-07,21973.1,21973.1,FORNITURE,Udine
"<span class=""like-pre""><a class=""link-Cig"" href=""/superset/recaptcha/?cig=B9057BFD4B&next=dettaglio_cig"" target=""_blank"">B9057BFD4B</a></span>",LIQUIDAZIONE ONERI CONFISCATI E ABBANDONATI EX DPR 189/2001 - CARROZZERIA F.LLI STEFANI DI GILBERTO E GIUSEPPE STEFANI S.N.C.,"<span class=""like-pre""><a class=""link-Cig"" href=""/superset/recaptcha/?sa=06340981007&next=dettaglio_sa"" target=""_blank"">AGENZIA DEL DEMANIO</a></span>","<span class=""like-pre""><a class=""link-Cig"" href=""/superset/recaptcha/?cig=B9057BFD4B&next=dettaglio_rup"" target=""_blank"">MARIA GAZZANIGA</a></span>",2025-11-10,,119.16,,SERVIZI,Milano
"<span class=""like-pre""><a class=""link-Cig"" href=""/superset/recaptcha/?cig=B9075CB8F0&next=dettaglio_cig"" target=""_blank"">B9075CB8F0</a></span>",SPESE LEGALI PER INCARICO 29620183008 AVV. TAVORMINA LICIA,"<span class=""like-pre""><a class=""link-Cig"" href=""/superset/recaptcha/?sa=13756881002&next=dettaglio_sa"" target=""_blank"">AGENZIA DELLE ENTRATE - RISCOSSIONE</a></span>","<span class=""like-pre""><a class=""link-Cig"" href=""/superset/recaptcha/?cig=B9075CB8F0&next=dettaglio_rup"" target=""_blank"">GIULIANA MARIA SANGIORGIO</a></span>",2025-11-10,,150.0,,SERVIZI,Roma
"<span class=""like-pre""><a class=""link-Cig"" href=""/superset/recaptcha/?cig=B85DF9F7C4&next=dettaglio_cig"" target=""_blank"">B85DF9F7C4</a></span>",AFFIDAMENTO SERVIZIO POSTALE UNIVERSALE,"<span class=""like-pre""><a class=""link-Cig"" href=""/superset/recaptcha/?sa=82001070927&next=dettaglio_sa"" target=""_blank"">COMUNE DI SERRAMANNA</a></span>","<span class=""like-pre""><a class=""link-Cig"" href=""/superset/recaptcha/?cig=B85DF9F7C4&next=dettaglio_rup"" target=""_blank"">STEFANIA PICCIAU</a></span>",2025-09-25,2025-09-24,21000.0,21000.0,SERVIZI,
"<span class=""like-pre""><a class=""link-Cig"" href=""/superset/recaptcha/?cig=B84436E117&next=dettaglio_cig"" target=""_blank"">B84436E117</a></span>",AS_N.14 – INTEGRAZIONE FABBISOGNO_LOTTO 69 – SANDOZ SPA ,"<span class=""like-pre""><a class=""link-Cig"" href=""/superset/recaptcha/?sa=90062670725&next=dettaglio_sa"" target=""_blank"">AZIENDA SANITARIA LOCALE BT</a></span>","<span class=""like-pre""><a class=""link-Cig"" href=""/superset/recaptcha/?cig=B84436E117&next=dettaglio_rup"" target=""_blank"">GIUSEPPE NUZZOLESE</a></span>",2025-09-16,2025-09-16,7512.01,7512.01,FORNITURE,Barletta-Andria-Trani
"<span class=""like-pre""><a class=""link-Cig"" href=""/superset/recaptcha/?cig=B63FE9E752&next=dettaglio_cig"" target=""_blank"">B63FE9E752</a></span>",NOLEGGIO ATTREZZATTURA ,"<span class=""like-pre""><a class=""link-Cig"" href=""/superset/recaptcha/?sa=02047620303&next=dettaglio_sa"" target=""_blank"">A&AMP;T 2000 SPA</a></span>","<span class=""like-pre""><a class=""link-Cig"" href=""/superset/recaptcha/?cig=B63FE9E752&next=dettaglio_rup"" target=""_blank"">LUCIANO AITA</a></span>",2025-03-31,2025-03-28,5150.0,5150.0,SERVIZI,Udine
"<span class=""like-pre""><a class=""link-Cig"" href=""/superset/recaptcha/?cig=B8458ECD78&next=dettaglio_cig"" target=""_blank"">B8458ECD78</a></span>",SERVIZIO DI REVISIONE E ADEGUAMENTO DEL VALORE DELLE AREE EDIFICABILI AI FINI IMU,"<span class=""like-pre""><a class=""link-Cig"" href=""/superset/recaptcha/?sa=00262470248&next=dettaglio_sa"" target=""_blank"">COMUNE DI MUSSOLENTE</a></span>","<span class=""like-pre""><a class=""link-Cig"" href=""/superset/recaptcha/?cig=B8458ECD78&next=dettaglio_rup"" target=""_blank"">NICOLA ZEN</a></span>",2025-09-18,2025-09-17,16300.0,16300.0,SERVIZI,Vicenza
"<span class=""like-pre""><a class=""link-Cig"" href=""/superset/recaptcha/?cig=B4F542A565&next=dettaglio_cig"" target=""_blank"">B4F542A565</a></span>",INTERVENTI DI MANUTENZIONE SU ALCUNI PUNTI LUCE DEL TERRITORIO COMUNALE - AFFIDAMENTO LAVORI,"<span class=""like-pre""><a class=""link-Cig"" href=""/superset/recaptcha/?sa=00251670303&next=dettaglio_sa"" target=""_blank"">COMUNE DI TARVISIO</a></span>","<span class=""like-pre""><a class=""link-Cig"" href=""/superset/recaptcha/?cig=B4F542A565&next=dettaglio_rup"" target=""_blank"">LAURA SPITALI</a></span>",2025-03-13,2024-12-31,13115.0,13115.0,LAVORI,Udine
"<span class=""like-pre""><a class=""link-Cig"" href=""/superset/recaptcha/?cig=B60158016E&next=dettaglio_cig"" target=""_blank"">B60158016E</a></span>",SCARPE ANTINFORTUNISTICHE PER OPERATORI IGIENE AMBIENTALE,"<span class=""like-pre""><a class=""link-Cig"" href=""/superset/recaptcha/?sa=02212870121&next=dettaglio_sa"" target=""_blank"">AGESP S.P.A.</a></span>","<span class=""like-pre""><a class=""link-Cig"" href=""/superset/recaptcha/?cig=B60158016E&next=dettaglio_rup"" target=""_blank"">CLAUDIA COLOMBO</a></span>",2025-03-13,2025-03-10,12000.0,12000.0,FORNITURE,Varese
"<span class=""like-pre""><a class=""link-Cig"" href=""/superset/recaptcha/?cig=B602841B54&next=dettaglio_cig"" target=""_blank"">B602841B54</a></span>",AFFIDAMENTO DIRETTO FORNITURA PNEUMATICI PER I MEZZI DELLA SANITASERVICE ASL FG SRL,"<span class=""like-pre""><a class=""link-Cig"" href=""/superset/recaptcha/?sa=03600140713&next=dettaglio_sa"" target=""_blank"">SANITASERVICE ASL FG S.R.L.</a></span>","<span class=""like-pre""><a class=""link-Cig"" href=""/superset/recaptcha/?cig=B602841B54&next=dettaglio_rup"" target=""_blank"">GIOVANNI PETTA</a></span>",2025-03-13,2025-03-13,23325.2,23325.2,SERVIZI,Foggia
"<span class=""like-pre""><a class=""link-Cig"" href=""/superset/recaptcha/?cig=B8444B2C73&next=dettaglio_cig"" target=""_blank"">B8444B2C73</a></span>",FSO - RICAMBI PER MANUTENZIONE BATTIPISTA,"<span class=""like-pre""><a class=""link-Cig"" href=""/superset/recaptcha/?sa=01218220323&next=dettaglio_sa"" target=""_blank"">PROMOTURISMOFVG</a></span>","<span class=""like-pre""><a class=""link-Cig"" href=""/superset/recaptcha/?cig=B8444B2C73&next=dettaglio_rup"" target=""_blank"">FRANCESCO PACILE</a></span>",2025-09-16,2024-02-15,355.86,355.86,FORNITURE,Udine
"<span class=""like-pre""><a class=""link-Cig"" href=""/superset/recaptcha/?cig=B60436D79B&next=dettaglio_cig"" target=""_blank"">B60436D79B</a></span>","AFFIDAMENTO MANUTENZIONE HARDWARE E SOFTWARE, APPARATI TECNOLOGICI NONCHÉ MANUTENZIONE CORRETTIVA E ORDINARIA IN FUNZIONE PRESSO GLI UFFICI COMUNALI PER NUMERO 250 ORE.","<span class=""like-pre""><a class=""link-Cig"" href=""/superset/recaptcha/?sa=82001020831&next=dettaglio_sa"" target=""_blank"">COMUNE S.P. NICETO</a></span>","<span class=""like-pre""><a class=""link-Cig"" href=""/superset/recaptcha/?cig=B60436D79B&next=dettaglio_rup"" target=""_blank"">CARMELO CARAVELLO</a></span>",2025-03-13,2025-03-12,7350.0,7350.0,SERVIZI,Messina
"<span class=""like-pre""><a class=""link-Cig"" href=""/superset/recaptcha/?cig=B60593A532&next=dettaglio_cig"" target=""_blank"">B60593A532</a></span>",CERA PER OSSA,"<span class=""like-pre""><a class=""link-Cig"" href=""/superset/recaptcha/?sa=10771180014&next=dettaglio_sa"" target=""_blank"">AZIENDA OSPEDALIERA UNIVERSITARIA CITTA' DELLA SALUTE E DELLA SCIENZA DI TORINO</a></span>","<span class=""like-pre""><a class=""link-Cig"" href=""/superset/recaptcha/?cig=B60593A532&next=dettaglio_rup"" target=""_blank"">PATRIZIA RITTA'</a></span>",2025-03-13,2025-03-27,4740.0,4740.0,FORNITURE,Torino
"<span class=""like-pre""><a class=""link-Cig"" href=""/superset/recaptcha/?cig=B86225EC66&next=dettaglio_cig"" target=""_blank"">B86225EC66</a></span>",FORNITURA DI ENERGIA ELETTRICA,"<span class=""like-pre""><a class=""link-Cig"" href=""/superset/recaptcha/?sa=00433700788&next=dettaglio_sa"" target=""_blank"">COMUNE DI SANTA MARIA DEL CEDRO</a></span>","<span class=""like-pre""><a class=""link-Cig"" href=""/superset/recaptcha/?cig=B86225EC66&next=dettaglio_rup"" target=""_blank"">ROSSELLA PORSO</a></span>",2025-09-25,2025-09-25,1.0,1.0,SERVIZI,Cosenza
"<span class=""like-pre""><a class=""link-Cig"" href=""/superset/recaptcha/?cig=B86205A298&next=dettaglio_cig"" target=""_blank"">B86205A298</a></span>",DD 176/2025 LOTTO 804 A - ROCHE S.P.A. - SOCIETA UNIPERSONALE,"<span class=""like-pre""><a class=""link-Cig"" href=""/superset/recaptcha/?sa=02570930848&next=dettaglio_sa"" target=""_blank"">AZIENDA SANITARIA PROVINCIALE DI AGRIGENTO</a></span>","<span class=""like-pre""><a class=""link-Cig"" href=""/superset/recaptcha/?cig=B86205A298&next=dettaglio_rup"" target=""_blank"">CALOGERO CASESA</a></span>",2025-09-25,2025-08-04,1329.54,1329.54,FORNITURE,Agrigento
"<span class=""like-pre""><a class=""link-Cig"" href=""/superset/recaptcha/?cig=B93D0E199D&next=dettaglio_cig"" target=""_blank"">B93D0E199D</a></span>",PUNTO SCUOLA - BUONI LIBRO A.S. 2025/2026,"<span class=""like-pre""><a class=""link-Cig"" href=""/superset/recaptcha/?sa=80020270650&next=dettaglio_sa"" target=""_blank"">COMUNE DI SARNO</a></span>","<span class=""like-pre""><a class=""link-Cig"" href=""/superset/recaptcha/?cig=B93D0E199D&next=dettaglio_rup"" target=""_blank"">ANNA DELLO IACONO</a></span>",2025-11-25,,29795.9,,FORNITURE,Salerno
"<span class=""like-pre""><a class=""link-Cig"" href=""/superset/recaptcha/?cig=B6267F512A&next=dettaglio_cig"" target=""_blank"">B6267F512A</a></span>",PROGETTO PROMOZIONALE SU TELECUPOLE DEI PRINCIPALI EVENTI ORGANIZZATI NEL 2025,"<span class=""like-pre""><a class=""link-Cig"" href=""/superset/recaptcha/?sa=00430560060&next=dettaglio_sa"" target=""_blank"">COMUNE DI ACQUI TERME</a></span>","<span class=""like-pre""><a class=""link-Cig"" href=""/superset/recaptcha/?cig=B6267F512A&next=dettaglio_rup"" target=""_blank"">DANIELA BENZI</a></span>",2025-03-31,2025-03-24,8600.0,8600.0,SERVIZI,Alessandria
"<span class=""like-pre""><a class=""link-Cig"" href=""/superset/recaptcha/?cig=B862F7D059&next=dettaglio_cig"" target=""_blank"">B862F7D059</a></span>",LAVORI DI MANUTENZIONE STRAORDINARIA E RIQUALIFICAZIONE SISMICA ED ENERGETICA DI UN FABBRICATO CONFISCATO DA DESTINARE A CENTRO ANTIVIOLENZA PROGETTO TAPOBRANA VITA NUOVA. INDAGINI STRUTTURALI,"<span class=""like-pre""><a class=""link-Cig"" href=""/superset/recaptcha/?sa=81001070804&next=dettaglio_sa"" target=""_blank"">COMUNE DI STILO</a></span>","<span class=""like-pre""><a class=""link-Cig"" href=""/superset/recaptcha/?cig=B862F7D059&next=dettaglio_rup"" target=""_blank"">FRANCESCO LUPIS</a></span>",2025-09-26,2025-10-15,7454.4,7454.4,SERVIZI,Reggio Calabria
"<span class=""like-pre""><a class=""link-Cig"" href=""/superset/recaptcha/?cig=B64471219F&next=dettaglio_cig"" target=""_blank"">B64471219F</a></span>",FORNITURA STRAORDINARIA TEMPORANEA ENERGIA EVENTO CARCIOFO PRIDE,"<span class=""like-pre""><a class=""link-Cig"" href=""/superset/recaptcha/?sa=81000450494&next=dettaglio_sa"" target=""_blank"">COMUNE DI CAMPIGLIA MARITTIMA</a></span>","<span class=""like-pre""><a class=""link-Cig"" href=""/superset/recaptcha/?cig=B64471219F&next=dettaglio_rup"" target=""_blank"">LUCIANO SERRA</a></span>",2025-03-31,2025-03-28,150.0,150.0,SERVIZI,Livorno
"<span class=""like-pre""><a class=""link-Cig"" href=""/superset/recaptcha/?cig=B93FCB0089&next=dettaglio_cig"" target=""_blank"">B93FCB0089</a></span>",RICOVERI TUTELE MINORI MONDINO COMMUNITY CARE S.R.L.,"<span class=""like-pre""><a class=""link-Cig"" href=""/superset/recaptcha/?sa=00296180185&next=dettaglio_sa"" target=""_blank"">COMUNE DI PAVIA</a></span>","<span class=""like-pre""><a class=""link-Cig"" href=""/superset/recaptcha/?cig=B93FCB0089&next=dettaglio_rup"" target=""_blank"">MORENA CECCHETTI</a></span>",2025-11-26,,27074.0,,SERVIZI,Pavia
"<span class=""like-pre""><a class=""link-Cig"" href=""/superset/recaptcha/?cig=B9441C202F&next=dettaglio_cig"" target=""_blank"">B9441C202F</a></span>",SERVIZIO DI PRENOTAZIONE TRASPORTO AEREO UMANITARIO TRA CAMERUN E CIAD,"<span class=""like-pre""><a class=""link-Cig"" href=""/superset/recaptcha/?sa=97871890584&next=dettaglio_sa"" target=""_blank"">AGENZIA ITALIANA PER LA COOPERAZIONE ALLO SVILUPPO</a></span>","<span class=""like-pre""><a class=""link-Cig"" href=""/superset/recaptcha/?cig=B9441C202F&next=dettaglio_rup"" target=""_blank"">ARSENE AIME NDEME</a></span>",2025-11-27,,220.0,,SERVIZI,
"<span class=""like-pre""><a class=""link-Cig"" href=""/superset/recaptcha/?cig=B64625400D&next=dettaglio_cig"" target=""_blank"">B64625400D</a></span>",VIAGGIO DI ISTRUZIONE ASPROMONTE DAL 02 AL 04 APRILE 2025 - BLANCO SRL,"<span class=""like-pre""><a class=""link-Cig"" href=""/superset/recaptcha/?sa=80002370890&next=dettaglio_sa"" target=""_blank"">VIII ISTITUTO COMPRENSIVO STATALE</a></span>","<span class=""like-pre""><a class=""link-Cig"" href=""/superset/recaptcha/?cig=B64625400D&next=dettaglio_rup"" target=""_blank"">MATTEO MARANO</a></span>",2025-04-01,2025-03-31,14030.0,14030.0,SERVIZI,Siracusa
"<span class=""like-pre""><a class=""link-Cig"" href=""/superset/recaptcha/?cig=B867B48C32&next=dettaglio_cig"" target=""_blank"">B867B48C32</a></span>",DD 176/2025 LOTTO 261 A - BRACCO IMAGING S.P.A.,"<span class=""like-pre""><a class=""link-Cig"" href=""/superset/recaptcha/?sa=02570930848&next=dettaglio_sa"" target=""_blank"">AZIENDA SANITARIA PROVINCIALE DI AGRIGENTO</a></span>","<span class=""like-pre""><a class=""link-Cig"" href=""/superset/recaptcha/?cig=B867B48C32&next=dettaglio_rup"" target=""_blank"">CALOGERO CASESA</a></span>",2025-09-26,2025-08-04,4800.0,4800.0,FORNITURE,Agrigento
"<span class=""like-pre""><a class=""link-Cig"" href=""/superset/recaptcha/?cig=B869F1790C&next=dettaglio_cig"" target=""_blank"">B869F1790C</a></span>",LOTTO 61 - RECEPIMENTO DD. 164 E 165 DEL 2025,"<span class=""like-pre""><a class=""link-Cig"" href=""/superset/recaptcha/?sa=01151150867&next=dettaglio_sa"" target=""_blank"">AZIENDA SANITARIA PROVINCIALE ENNA</a></span>","<span class=""like-pre""><a class=""link-Cig"" href=""/superset/recaptcha/?cig=B869F1790C&next=dettaglio_rup"" target=""_blank"">GIUSEPPA MATILDE ROSARIA LIPIANI</a></span>",2025-09-28,2025-07-10,914.4,914.4,FORNITURE,Enna
"<span class=""like-pre""><a class=""link-Cig"" href=""/superset/recaptcha/?cig=B867F5DA8F&next=dettaglio_cig"" target=""_blank"">B867F5DA8F</a></span>","CONVENZIONE ATTIVITA' NATATORIA PER ALUNNI DEL PLESSO VOLTA, DA SVOLGERE IN PISCINA","<span class=""like-pre""><a class=""link-Cig"" href=""/superset/recaptcha/?sa=94627630158&next=dettaglio_sa"" target=""_blank"">ISTITUTO COMPRENSIVO STATALE TERESA CONFALONIERI</a></span>","<span class=""like-pre""><a class=""link-Cig"" href=""/superset/recaptcha/?cig=B867F5DA8F&next=dettaglio_rup"" target=""_blank"">GABRIELLA CIRIELLI</a></span>",2025-09-29,2025-09-26,9100.0,9100.0,SERVIZI,Monza e della Brianza
"<span class=""like-pre""><a class=""link-Cig"" href=""/superset/recaptcha/?cig=B869043C7C&next=dettaglio_cig"" target=""_blank"">B869043C7C</a></span>",SERVIZIO DI MANUTENZIONE PER SPETTROMETRO (LABORATORIO SEDE VIA SALDINI - PROF. COLOMBO),"<span class=""like-pre""><a class=""link-Cig"" href=""/superset/recaptcha/?sa=80012650158&next=dettaglio_sa"" target=""_blank"">UNIVERSITA' DEGLI STUDI DI MILANO</a></span>","<span class=""like-pre""><a class=""link-Cig"" href=""/superset/recaptcha/?cig=B869043C7C&next=dettaglio_rup"" target=""_blank"">FEDERICA TIDONE</a></span>",2025-09-29,2025-09-26,12900.0,12900.0,SERVIZI,Milano
"<span class=""like-pre""><a class=""link-Cig"" href=""/superset/recaptcha/?cig=B6110EAA9F&next=dettaglio_cig"" target=""_blank"">B6110EAA9F</a></span>",FORNITURA UTENSILERIA MANUALE E ELETTROUTENSILI A BATTERIA,"<span class=""like-pre""><a class=""link-Cig"" href=""/superset/recaptcha/?sa=01579450220&next=dettaglio_sa"" target=""_blank"">AZIENDA INTERCOMUNALE ROTALIANA SPA - SOCIETA' BENEFIT</a></span>","<span class=""like-pre""><a class=""link-Cig"" href=""/superset/recaptcha/?cig=B6110EAA9F&next=dettaglio_rup"" target=""_blank"">DEVIS PATERNOSTER</a></span>",2025-03-25,2025-03-17,7012.33,7012.33,FORNITURE,Trento
"<span class=""like-pre""><a class=""link-Cig"" href=""/superset/recaptcha/?cig=B866DE0C05&next=dettaglio_cig"" target=""_blank"">B866DE0C05</a></span>","PL 49307 INTERVENTI DI MANUTENZIONE ORDINARIA E/O STRAORDINARIA SU STRUTTURE MURARIE, PAVIMENTI E LAVORI DI TINTEGGIATURA PRESSO GLI IMMOBILI DI PROPRIETÀ DELLUNIVERSITÀ DI PARMA.","<span class=""like-pre""><a class=""link-Cig"" href=""/superset/recaptcha/?sa=00308780345&next=dettaglio_sa"" target=""_blank"">UNIVERSITA' DEGLI STUDI DI PARMA</a></span>","<span class=""like-pre""><a class=""link-Cig"" href=""/superset/recaptcha/?cig=B866DE0C05&next=dettaglio_rup"" target=""_blank"">MIRCO BECCARELLI</a></span>",2025-09-29,2025-09-24,39750.0,39750.0,LAVORI,Parma
"<span class=""like-pre""><a class=""link-Cig"" href=""/superset/recaptcha/?cig=B84B875409&next=dettaglio_cig"" target=""_blank"">B84B875409</a></span>","REALIZZAZIONE DEGLI INTERVENTI OGGETTO DI CONTRIBUTO IN FAVORE DEL COMUNE DI ENNA A VALERE SULLE RISORSE FINANZIARIE PREVISTE PER GLI INTERVENTI DEL PIANO NAZIONALE DI RIPRESA E RESILIENZA (PNRR) (DECRETO DEL MINISTERO DELLA TRANSIZIONE ECOLOGICA DM 396 DEL 28 SETTEMBRE 2021 – MISURA: M2C.1.1 I 1.1 – LINEA D'INTERVENTO A), CODICE CUP E79J22000650001 – GIUSTA CONVENZIONE SOTTOSCRITTA CON IL COMUNE DI ENNA (RIF. NOTA PROT. 356 DEL 05/02/2024), CEDUTA ALLA SRR ENNA PROVINCIA ATO 6 IN DATA 27/05/2024 - PROCEDURA DI CUI ALL'ART. 50 COMMA 1 LETT. A) DEL D. LGS. 36/2023 PER L'AFFIDAMENTO DEI LAVORI DA ESEGUIRE C/O I CCR DEL COMUNE DI ENNA, SITI IN C.DA VENOVA E C.DA SCIFITELLO: SISTEMAZIONE AREA PARCHEGGIO E SOSTITUZIONE DELLA GRONDAIA E DEI PLUVIALI DELLA TETTOIA CON APPLICAZIONE DI BARRIERA CHE IMPEDISCA ALLE PIOGGE LATERALI DI ENTRARE SOTTO LA TETTOIA – RICHIESTA DI OFFERTA","<span class=""like-pre""><a class=""link-Cig"" href=""/superset/recaptcha/?sa=01242870861&next=dettaglio_sa"" target=""_blank"">ECOENNASERVIZI S.R.L.</a></span>","<span class=""like-pre""><a class=""link-Cig"" href=""/superset/recaptcha/?cig=B84B875409&next=dettaglio_rup"" target=""_blank"">ROBERTO PALUMBO</a></span>",2025-09-19,2025-09-18,21000.0,21000.0,LAVORI,Enna
"<span class=""like-pre""><a class=""link-Cig"" href=""/superset/recaptcha/?cig=B5C6A9B48E&next=dettaglio_cig"" target=""_blank"">B5C6A9B48E</a></span>",SERVIZIO TRASPORTO ROTABILI,"<span class=""like-pre""><a class=""link-Cig"" href=""/superset/recaptcha/?sa=00292210630&next=dettaglio_sa"" target=""_blank"">ENTE AUTONOMO VOLTURNO SRL</a></span>","<span class=""like-pre""><a class=""link-Cig"" href=""/superset/recaptcha/?cig=B5C6A9B48E&next=dettaglio_rup"" target=""_blank"">MICHELE ROMANO</a></span>",2025-02-25,2025-02-24,6500.0,6500.0,SERVIZI,Napoli
"<span class=""like-pre""><a class=""link-Cig"" href=""/superset/recaptcha/?cig=B62D20360C&next=dettaglio_cig"" target=""_blank"">B62D20360C</a></span>","FORNITURA HARDWARE FIREWALL COMPRENSIVO DI LICENZE, MIGRAZIONE E CONFIGURAZIONE","<span class=""like-pre""><a class=""link-Cig"" href=""/superset/recaptcha/?sa=03546590104&next=dettaglio_sa"" target=""_blank"">GENOVA PARCHEGGI - SOCIETA' PER AZIONI</a></span>","<span class=""like-pre""><a class=""link-Cig"" href=""/superset/recaptcha/?cig=B62D20360C&next=dettaglio_rup"" target=""_blank"">CLAUDIO GAVAZZI</a></span>",2025-03-25,2025-03-24,9130.0,9130.0,FORNITURE,Genova
"<span class=""like-pre""><a class=""link-Cig"" href=""/superset/recaptcha/?cig=B64E849B84&next=dettaglio_cig"" target=""_blank"">B64E849B84</a></span>",LOTTO 626 - METILPREDNISOLONE SOL INIET POLV SOLV 125MG/2ML ARIA_2024_008.3,"<span class=""like-pre""><a class=""link-Cig"" href=""/superset/recaptcha/?sa=04114450168&next=dettaglio_sa"" target=""_blank"">AZIENDA SOCIO SANITARIA TERRITORIALE DI BERGAMO OVEST</a></span>","<span class=""like-pre""><a class=""link-Cig"" href=""/superset/recaptcha/?cig=B64E849B84&next=dettaglio_rup"" target=""_blank"">ELISABETTA MOMBRINI</a></span>",2025-04-01,2025-02-24,290.0,290.0,FORNITURE,Bergamo
"<span class=""like-pre""><a class=""link-Cig"" href=""/superset/recaptcha/?cig=B94B3DC907&next=dettaglio_cig"" target=""_blank"">B94B3DC907</a></span>",SERVIZIO DI NOTIFICA AVVISI DI ACCERTAMENTO IMU 2020,"<span class=""like-pre""><a class=""link-Cig"" href=""/superset/recaptcha/?sa=80000980625&next=dettaglio_sa"" target=""_blank"">COMUNE DI MONTESARCHIO</a></span>","<span class=""like-pre""><a class=""link-Cig"" href=""/superset/recaptcha/?cig=B94B3DC907&next=dettaglio_rup"" target=""_blank"">FRANCESCA IADANZA</a></span>",2025-11-27,,15500.0,,SERVIZI,Benevento
"<span class=""like-pre""><a class=""link-Cig"" href=""/superset/recaptcha/?cig=B64E9B68BA&next=dettaglio_cig"" target=""_blank"">B64E9B68BA</a></span>",ADESIONE DISPOSITIVI APPARATO UROGENITALE E URETERALI ARIA_2022_045 LOTTO 27 SONDE COUVELAIRE IN MATERIALE IDROFILICO A 3 VIE,"<span class=""like-pre""><a class=""link-Cig"" href=""/superset/recaptcha/?sa=04114380167&next=dettaglio_sa"" target=""_blank"">AZIENDA SOCIO SANITARIA TERRITORIALE DI BERGAMO EST</a></span>","<span class=""like-pre""><a class=""link-Cig"" href=""/superset/recaptcha/?cig=B64E9B68BA&next=dettaglio_rup"" target=""_blank"">FELICE PETRELLA</a></span>",2025-04-01,2025-03-31,4500.0,4500.0,FORNITURE,Bergamo
"<span class=""like-pre""><a class=""link-Cig"" href=""/superset/recaptcha/?cig=B64EB127E8&next=dettaglio_cig"" target=""_blank"">B64EB127E8</a></span>",CONTRASTO ALLA XYLELLA,"<span class=""like-pre""><a class=""link-Cig"" href=""/superset/recaptcha/?sa=80010830737&next=dettaglio_sa"" target=""_blank"">COMUNE DI PALAGIANELLO</a></span>","<span class=""like-pre""><a class=""link-Cig"" href=""/superset/recaptcha/?cig=B64EB127E8&next=dettaglio_rup"" target=""_blank"">ORAZIO MILANO</a></span>",2025-04-02,2025-04-01,22725.47,22725.47,SERVIZI,Taranto
"<span class=""like-pre""><a class=""link-Cig"" href=""/superset/recaptcha/?cig=B64CC32D50&next=dettaglio_cig"" target=""_blank"">B64CC32D50</a></span>",BANDO PNRR 1.4.4. ATTIVITÀ DI ADESIONE AI SERVIZI RESI DISPONIBILI DALL'ANPR PER L'UTILIZZO DELL'ARCHIVIO NAZIONALE INFORMATIZZATO DEI REGISTRI DELLO STATO CIVILE (ANSC) E ACQUISTO CERTIFICATI DI FIRMA DIGITALE REMOTA OTP PER IL COMUNE DI CESENA,"<span class=""like-pre""><a class=""link-Cig"" href=""/superset/recaptcha/?sa=90070700407&next=dettaglio_sa"" target=""_blank"">UNIONE DEI COMUNI VALLE DEL SAVIO</a></span>","<span class=""like-pre""><a class=""link-Cig"" href=""/superset/recaptcha/?cig=B64CC32D50&next=dettaglio_rup"" target=""_blank"">ALESSANDRO FRANCIONI</a></span>",2025-04-02,2025-04-08,9935.0,9935.0,SERVIZI,Forli-Cesena
"<span class=""like-pre""><a class=""link-Cig"" href=""/superset/recaptcha/?cig=B86CA698CE&next=dettaglio_cig"" target=""_blank"">B86CA698CE</a></span>",ORDINATIVO PER FARMACI 2025_3 TRANCHE_ LOTTO 48_ISTITUTO GENTILI SRL,"<span class=""like-pre""><a class=""link-Cig"" href=""/superset/recaptcha/?sa=06019571006&next=dettaglio_sa"" target=""_blank"">AZIENDA OSPEDALIERO-UNIVERSITARIA SANT'ANDREA</a></span>","<span class=""like-pre""><a class=""link-Cig"" href=""/superset/recaptcha/?cig=B86CA698CE&next=dettaglio_rup"" target=""_blank"">MARIA TERESA LUPO</a></span>",2025-09-29,2025-09-29,786.9,786.9,FORNITURE,Roma
"<span class=""like-pre""><a class=""link-Cig"" href=""/superset/recaptcha/?cig=B86950CF62&next=dettaglio_cig"" target=""_blank"">B86950CF62</a></span>",ACQUISTO CLOUD C.O.C.,"<span class=""like-pre""><a class=""link-Cig"" href=""/superset/recaptcha/?sa=00508900636&next=dettaglio_sa"" target=""_blank"">COMUNE DI POZZUOLI</a></span>","<span class=""like-pre""><a class=""link-Cig"" href=""/superset/recaptcha/?cig=B86950CF62&next=dettaglio_rup"" target=""_blank"">GIULIO DI CRISCIO</a></span>",2025-10-03,2025-09-30,36600.0,36600.0,SERVIZI,Napoli
"<span class=""like-pre""><a class=""link-Cig"" href=""/superset/recaptcha/?cig=B975D152B1&next=dettaglio_cig"" target=""_blank"">B975D152B1</a></span>",DISPOSITIVO MULTIMEDIALE,"<span class=""like-pre""><a class=""link-Cig"" href=""/superset/recaptcha/?sa=97915880583&next=dettaglio_sa"" target=""_blank"">COMANDO UNITA' FORESTALI AMBIENTALI E AGROALIMENTARI CARABINIERI</a></span>","<span class=""like-pre""><a class=""link-Cig"" href=""/superset/recaptcha/?cig=B975D152B1&next=dettaglio_rup"" target=""_blank"">GAETANO VALLETTA</a></span>",2025-12-05,,2878.24,,FORNITURE,Roma
"<span class=""like-pre""><a class=""link-Cig"" href=""/superset/recaptcha/?cig=B6520FE754&next=dettaglio_cig"" target=""_blank"">B6520FE754</a></span>",LOTTO 62 87-2024,"<span class=""like-pre""><a class=""link-Cig"" href=""/superset/recaptcha/?sa=02419170044&next=dettaglio_sa"" target=""_blank"">AZ. SANITARIA LOC. CN2 ALBA-BRA</a></span>","<span class=""like-pre""><a class=""link-Cig"" href=""/superset/recaptcha/?cig=B6520FE754&next=dettaglio_rup"" target=""_blank"">MARIA RAITERI</a></span>",2025-04-02,2025-04-01,16650.0,16650.0,FORNITURE,Cuneo
"<span class=""like-pre""><a class=""link-Cig"" href=""/superset/recaptcha/?cig=B86CF1649B&next=dettaglio_cig"" target=""_blank"">B86CF1649B</a></span>",AFFIDAMENTO INCARICO LEGALE,"<span class=""like-pre""><a class=""link-Cig"" href=""/superset/recaptcha/?sa=02352560797&next=dettaglio_sa"" target=""_blank"">AGENZIA REGIONALE PER LA PROTEZIONE DELL'AMBIENTE DELLA CALABRIA</a></span>","<span class=""like-pre""><a class=""link-Cig"" href=""/superset/recaptcha/?cig=B86CF1649B&next=dettaglio_rup"" target=""_blank"">SABRINA SURACI</a></span>",2025-09-29,,6442.85,,SERVIZI,Catanzaro
"<span class=""like-pre""><a class=""link-Cig"" href=""/superset/recaptcha/?cig=B794FC48F2&next=dettaglio_cig"" target=""_blank"">B794FC48F2</a></span>",INCARICO PFTE RIQUALIFICAZIONE CENTRO SPORTIVO IN VIA DAMIANO CHIESA 14,"<span class=""like-pre""><a class=""link-Cig"" href=""/superset/recaptcha/?sa=00313890162&next=dettaglio_sa"" target=""_blank"">COMUNE DI BERBENNO</a></span>","<span class=""like-pre""><a class=""link-Cig"" href=""/superset/recaptcha/?cig=B794FC48F2&next=dettaglio_rup"" target=""_blank"">MARZIO CASSI</a></span>",2025-07-10,2025-07-10,11000.0,11000.0,SERVIZI,Bergamo
"<span class=""like-pre""><a class=""link-Cig"" href=""/superset/recaptcha/?cig=B67D8FD1FF&next=dettaglio_cig"" target=""_blank"">B67D8FD1FF</a></span>",DOSAGGIO BIOMARCATORI IN FLUIDI BIOLOGICI - MED,"<span class=""like-pre""><a class=""link-Cig"" href=""/superset/recaptcha/?sa=12621570154&next=dettaglio_sa"" target=""_blank"">UNIVERSITA' DEGLI STUDI DI MILANO - BICOCCA</a></span>","<span class=""like-pre""><a class=""link-Cig"" href=""/superset/recaptcha/?cig=B67D8FD1FF&next=dettaglio_rup"" target=""_blank"">ANTONIO PONTECORVO</a></span>",2025-04-15,2025-04-14,39828.0,39828.0,FORNITURE,Monza e della Brianza
"<span class=""like-pre""><a class=""link-Cig"" href=""/superset/recaptcha/?cig=B510513514&next=dettaglio_cig"" target=""_blank"">B510513514</a></span>",AFFIDAMENTO DEL SERVIZIO DI PULIZIA DELLA SEDE COMUNITARIA. PRIMO SEMESTRE 2025,"<span class=""like-pre""><a class=""link-Cig"" href=""/superset/recaptcha/?sa=92002450143&next=dettaglio_sa"" target=""_blank"">COMUNITA' MONTANA ALTA VALTELLINA</a></span>","<span class=""like-pre""><a class=""link-Cig"" href=""/superset/recaptcha/?cig=B510513514&next=dettaglio_rup"" target=""_blank"">SILVIO BARONI</a></span>",2025-01-02,2024-12-30,23999.0,23999.0,SERVIZI,Sondrio
"<span class=""like-pre""><a class=""link-Cig"" href=""/superset/recaptcha/?cig=B732FCFDA8&next=dettaglio_cig"" target=""_blank"">B732FCFDA8</a></span>","REAGENTI PER EMOGASANALIZZATORE MOD. ABL825GL IN AMBITO DEL PROGETTO PNRR - EU FUNDING WITHIN THE NEXTGENERATIONEU-MUR M4C2.I.1.3 PNRR EXTENDED PARTNERSHIP INITIATIVE ON EMERGINGINFECTIOUS DISEASES (PE00000007, INF-ACT) ONE HEALTH BASIC AND TRANSLATIONAL RESEARCHACTIONS ADDRESSING UNMET NEEDS ON EMERGING INFECTIOUS DISEASES THROUGH THE INF-ACT CASCADE OPEN CALL 2023 (COC-1- 2023-ISS-01) - SIS NET - CUP I83C22001810007 - CODSOG_001113 - MED","<span class=""like-pre""><a class=""link-Cig"" href=""/superset/recaptcha/?sa=12621570154&next=dettaglio_sa"" target=""_blank"">UNIVERSITA' DEGLI STUDI DI MILANO - BICOCCA</a></span>","<span class=""like-pre""><a class=""link-Cig"" href=""/superset/recaptcha/?cig=B732FCFDA8&next=dettaglio_rup"" target=""_blank"">ERMENEGILDA BOCCAROSSA</a></span>",2025-06-10,2025-06-09,9836.0,9836.0,FORNITURE,Monza e della Brianza
"<span class=""like-pre""><a class=""link-Cig"" href=""/superset/recaptcha/?cig=B67F7D12AE&next=dettaglio_cig"" target=""_blank"">B67F7D12AE</a></span>",ARREDI SALA CONSILIARE,"<span class=""like-pre""><a class=""link-Cig"" href=""/superset/recaptcha/?sa=81001130855&next=dettaglio_sa"" target=""_blank"">COMUNE DI MUSSOMELI</a></span>","<span class=""like-pre""><a class=""link-Cig"" href=""/superset/recaptcha/?cig=B67F7D12AE&next=dettaglio_rup"" target=""_blank"">CARMELO ALBA</a></span>",2025-04-16,2025-04-14,31140.0,31140.0,FORNITURE,Caltanissetta
"<span class=""like-pre""><a class=""link-Cig"" href=""/superset/recaptcha/?cig=B686730AB1&next=dettaglio_cig"" target=""_blank"">B686730AB1</a></span>",VIAGGIO D'ISTRUZIONE A NAPOLI 22/23 MAGGIO 2025 ,"<span class=""like-pre""><a class=""link-Cig"" href=""/superset/recaptcha/?sa=94006190782&next=dettaglio_sa"" target=""_blank"">ISTITUTO COMPRENSIVO ERNEST KOLIQI FRASCINETO</a></span>","<span class=""like-pre""><a class=""link-Cig"" href=""/superset/recaptcha/?cig=B686730AB1&next=dettaglio_rup"" target=""_blank"">GIANFRANCO MALETTA</a></span>",2025-04-17,2025-04-16,14178.0,14178.0,SERVIZI,Cosenza
"<span class=""like-pre""><a class=""link-Cig"" href=""/superset/recaptcha/?cig=B68867DF39&next=dettaglio_cig"" target=""_blank"">B68867DF39</a></span>",AFFIDAMENTO SERVIZIO DI GESTIONE SOFTWARE,"<span class=""like-pre""><a class=""link-Cig"" href=""/superset/recaptcha/?sa=85003030583&next=dettaglio_sa"" target=""_blank"">COMUNE DI CAPRANICA PRENESTINA</a></span>","<span class=""like-pre""><a class=""link-Cig"" href=""/superset/recaptcha/?cig=B68867DF39&next=dettaglio_rup"" target=""_blank"">MICAELA MICHELI</a></span>",2025-04-17,2025-04-23,21312.18,21312.18,SERVIZI,Roma
"<span class=""like-pre""><a class=""link-Cig"" href=""/superset/recaptcha/?cig=B8881E5559&next=dettaglio_cig"" target=""_blank"">B8881E5559</a></span>",FORNITURA PNEUMATICI MEZZI COMMERCIALI IN AQ 371 LOTTO 2,"<span class=""like-pre""><a class=""link-Cig"" href=""/superset/recaptcha/?sa=96404830588&next=dettaglio_sa"" target=""_blank"">DIREZIONE DI INTENDENZA DEL COMANDO LOGISTICO DELL'ESERCITO</a></span>","<span class=""like-pre""><a class=""link-Cig"" href=""/superset/recaptcha/?cig=B8881E5559&next=dettaglio_rup"" target=""_blank"">FRANCESCO POLICASTRO</a></span>",2025-10-07,,19626.3,,FORNITURE,Novara
"<span class=""like-pre""><a class=""link-Cig"" href=""/superset/recaptcha/?cig=B5FF5042D9&next=dettaglio_cig"" target=""_blank"">B5FF5042D9</a></span>",FARMACI 2024_SETTIMA TRANCHE_ LOTTO 331_ THERAMEX ITALY S.R.L.,"<span class=""like-pre""><a class=""link-Cig"" href=""/superset/recaptcha/?sa=04743741003&next=dettaglio_sa"" target=""_blank"">ASL ROMA 4</a></span>","<span class=""like-pre""><a class=""link-Cig"" href=""/superset/recaptcha/?cig=B5FF5042D9&next=dettaglio_rup"" target=""_blank"">RITA PELO</a></span>",2025-03-11,2025-03-11,1227.6,1227.6,FORNITURE,Roma
"<span class=""like-pre""><a class=""link-Cig"" href=""/superset/recaptcha/?cig=A06A1C8E7B&next=dettaglio_cig"" target=""_blank"">A06A1C8E7B</a></span>",CONVENZIONE NECA - RINNOVO FARMACI ARIA - JANSSEN-CILAG- ARIA_2021_025.3R - LOTTO: 2222,"<span class=""like-pre""><a class=""link-Cig"" href=""/superset/recaptcha/?sa=04114370168&next=dettaglio_sa"" target=""_blank"">ASST PAPA GIOVANNI XXIII</a></span>","<span class=""like-pre""><a class=""link-Cig"" href=""/superset/recaptcha/?cig=A06A1C8E7B&next=dettaglio_rup"" target=""_blank"">EMANUELA LEZZI</a></span>",2025-04-18,,32768.16,,FORNITURE,Bergamo
"<span class=""like-pre""><a class=""link-Cig"" href=""/superset/recaptcha/?cig=B692C69B88&next=dettaglio_cig"" target=""_blank"">B692C69B88</a></span>",SERVIZIO VITTO E ALLOGGIO DAL 22 AL 26 MAGGIO 2025,"<span class=""like-pre""><a class=""link-Cig"" href=""/superset/recaptcha/?sa=92081130806&next=dettaglio_sa"" target=""_blank"">ISTITUTO COMPRENSIVO NOSSIDE PYTHAGORAS-MOSCATO</a></span>","<span class=""like-pre""><a class=""link-Cig"" href=""/superset/recaptcha/?cig=B692C69B88&next=dettaglio_rup"" target=""_blank"">ANTONINO GIUSEPPE UBALDINI</a></span>",2025-04-22,2025-04-18,10000.0,10000.0,SERVIZI,Reggio Calabria
"<span class=""like-pre""><a class=""link-Cig"" href=""/superset/recaptcha/?cig=B6C414584C&next=dettaglio_cig"" target=""_blank"">B6C414584C</a></span>",DPIA - AGGIORNAMENTO SOFTWARE,"<span class=""like-pre""><a class=""link-Cig"" href=""/superset/recaptcha/?sa=80014550307&next=dettaglio_sa"" target=""_blank"">UNIVERSITA' DEGLI STUDI DI UDINE</a></span>","<span class=""like-pre""><a class=""link-Cig"" href=""/superset/recaptcha/?cig=B6C414584C&next=dettaglio_rup"" target=""_blank"">ALESSANDRO GASPARETTO</a></span>",2025-05-09,2025-05-08,5382.0,5382.0,SERVIZI,Udine
"<span class=""like-pre""><a class=""link-Cig"" href=""/superset/recaptcha/?cig=B83E56EED5&next=dettaglio_cig"" target=""_blank"">B83E56EED5</a></span>",PNRR - MISSIONE 1 - COMPONENTE 1 - INVESTIMENTO DATI E INTEROPERABILITÀ - MISURA 1.3.1 PIATTAFORMA DIGITALE NAZIONALE DATI ARCHIVIO NAZIONALE DEI NUMERI CIVICI DELLE STRADE URBANE (ANNCSU) COMUNI (MAGGIO 2025)_CUP. H51J25001930006,"<span class=""like-pre""><a class=""link-Cig"" href=""/superset/recaptcha/?sa=81002090926&next=dettaglio_sa"" target=""_blank"">COMUNE DI GIBA</a></span>","<span class=""like-pre""><a class=""link-Cig"" href=""/superset/recaptcha/?cig=B83E56EED5&next=dettaglio_rup"" target=""_blank"">CRISTINA MATTA</a></span>",2025-10-09,2025-09-15,13860.0,13860.0,SERVIZI,
"<span class=""like-pre""><a class=""link-Cig"" href=""/superset/recaptcha/?cig=B8003C6122&next=dettaglio_cig"" target=""_blank"">B8003C6122</a></span>",MEDROL 4 MG 30 CPR DIV. BLS,"<span class=""like-pre""><a class=""link-Cig"" href=""/superset/recaptcha/?sa=00679270553&next=dettaglio_sa"" target=""_blank"">AZIENDA OSPEDALIERA SANTA MARIA TERNI</a></span>","<span class=""like-pre""><a class=""link-Cig"" href=""/superset/recaptcha/?cig=B8003C6122&next=dettaglio_rup"" target=""_blank"">CINZIA ANGIONE</a></span>",2025-08-20,2025-08-20,210.0,210.0,FORNITURE,Terni
"<span class=""like-pre""><a class=""link-Cig"" href=""/superset/recaptcha/?cig=B517825A95&next=dettaglio_cig"" target=""_blank"">B517825A95</a></span>",ACQUISTO TITOLI DI VIAGGIO,"<span class=""like-pre""><a class=""link-Cig"" href=""/superset/recaptcha/?sa=80213330584&next=dettaglio_sa"" target=""_blank"">MINISTERO DEGLI AFFARI ESTERI E COOPERAZIONE INTERNAZIONALE</a></span>","<span class=""like-pre""><a class=""link-Cig"" href=""/superset/recaptcha/?cig=B517825A95&next=dettaglio_rup"" target=""_blank"">FABIO FINOTTI</a></span>",2025-05-09,2025-01-03,25000.0,25000.0,SERVIZI,
"<span class=""like-pre""><a class=""link-Cig"" href=""/superset/recaptcha/?cig=B633D7725F&next=dettaglio_cig"" target=""_blank"">B633D7725F</a></span>",GESTIONE INTEGRATA DEL PROCEDIMENTO SANZIONATORIO PER LE VIOLAZIONI AL CODICE DELLA STRADA,"<span class=""like-pre""><a class=""link-Cig"" href=""/superset/recaptcha/?sa=87000370822&next=dettaglio_sa"" target=""_blank"">COMUNE DI TERMINI IMERESE</a></span>","<span class=""like-pre""><a class=""link-Cig"" href=""/superset/recaptcha/?cig=B633D7725F&next=dettaglio_rup"" target=""_blank"">RICCARDO MANTIA</a></span>",2025-03-26,2025-03-25,14000.0,14000.0,SERVIZI,Palermo
"<span class=""like-pre""><a class=""link-Cig"" href=""/superset/recaptcha/?cig=B59257A27A&next=dettaglio_cig"" target=""_blank"">B59257A27A</a></span>",VIAGGIO D'ISTRUZIONE A SALISBURGO,"<span class=""like-pre""><a class=""link-Cig"" href=""/superset/recaptcha/?sa=90057730104&next=dettaglio_sa"" target=""_blank"">ISTITUTO COMPRENSIVO DI COGORNO</a></span>","<span class=""like-pre""><a class=""link-Cig"" href=""/superset/recaptcha/?cig=B59257A27A&next=dettaglio_rup"" target=""_blank"">BIAGIO FERRO</a></span>",2025-02-11,2025-02-10,15715.0,15715.0,SERVIZI,Genova
"<span class=""like-pre""><a class=""link-Cig"" href=""/superset/recaptcha/?cig=B6D1002365&next=dettaglio_cig"" target=""_blank"">B6D1002365</a></span>",TROCAR VERSA ONE BLADELESS CANNULA ZIGRINATA,"<span class=""like-pre""><a class=""link-Cig"" href=""/superset/recaptcha/?sa=11632570013&next=dettaglio_sa"" target=""_blank"">AZIENDA SANITARIA LOCALE CITTA' DI TORINO</a></span>","<span class=""like-pre""><a class=""link-Cig"" href=""/superset/recaptcha/?cig=B6D1002365&next=dettaglio_rup"" target=""_blank"">ALESSANDRA COMOGLIO</a></span>",2025-05-12,2025-05-12,4104.0,4104.0,FORNITURE,Torino
"<span class=""like-pre""><a class=""link-Cig"" href=""/superset/recaptcha/?cig=B6D28C95CD&next=dettaglio_cig"" target=""_blank"">B6D28C95CD</a></span>",ATTIVITÀ DI RICERCA PERDITA IDRICA E SUCCESSIVA RIPARAZIONE,"<span class=""like-pre""><a class=""link-Cig"" href=""/superset/recaptcha/?sa=93430140728&next=dettaglio_sa"" target=""_blank"">DIR.REG.DEI VIGILI DEL FUOCO DEL SOCCORSO PUBBLICO E DELLA DIFESA CIVILE DELLA PUGLIA</a></span>","<span class=""like-pre""><a class=""link-Cig"" href=""/superset/recaptcha/?cig=B6D28C95CD&next=dettaglio_rup"" target=""_blank"">SABINO D'ALESSANDRO</a></span>",2025-05-13,2025-05-12,7155.86,7155.86,SERVIZI,Bari
"<span class=""like-pre""><a class=""link-Cig"" href=""/superset/recaptcha/?cig=B6CF069025&next=dettaglio_cig"" target=""_blank"">B6CF069025</a></span>",SAFINAMIDE 50MG 30CPR RIV ,"<span class=""like-pre""><a class=""link-Cig"" href=""/superset/recaptcha/?sa=91001750073&next=dettaglio_sa"" target=""_blank"">AZIENDA USL VALLE D'AOSTA</a></span>","<span class=""like-pre""><a class=""link-Cig"" href=""/superset/recaptcha/?cig=B6CF069025&next=dettaglio_rup"" target=""_blank"">ANDREA FADDA</a></span>",2025-05-13,2025-05-12,20133.28,20133.28,FORNITURE,Valle d'Aosta/Vall?e d'Aoste
"<span class=""like-pre""><a class=""link-Cig"" href=""/superset/recaptcha/?cig=B6D62C4E9F&next=dettaglio_cig"" target=""_blank"">B6D62C4E9F</a></span>",ENERGIA ELETTRICA PER EX CASERMETTA DI COL DEL GNELA,"<span class=""like-pre""><a class=""link-Cig"" href=""/superset/recaptcha/?sa=00207780255&next=dettaglio_sa"" target=""_blank"">COMUNE DI ARSIE'</a></span>","<span class=""like-pre""><a class=""link-Cig"" href=""/superset/recaptcha/?cig=B6D62C4E9F&next=dettaglio_rup"" target=""_blank"">ROBERTO SMANIOTTO</a></span>",2025-05-13,2025-05-14,1000.0,1000.0,FORNITURE,Belluno
"<span class=""like-pre""><a class=""link-Cig"" href=""/superset/recaptcha/?cig=A06A8D60DB&next=dettaglio_cig"" target=""_blank"">A06A8D60DB</a></span>",RINNOVO ADESIONE DELL'AQ DELLA ASST GRANDE OSPEDALE METROPOLITANO NIGUARDA PER VENTILOTERAPIA - LOTTO 9 FERRERO MED,"<span class=""like-pre""><a class=""link-Cig"" href=""/superset/recaptcha/?sa=02613080189&next=dettaglio_sa"" target=""_blank"">AZIENDA SOCIO SANITARIA TERRITORIALE (ASST) DI PAVIA</a></span>","<span class=""like-pre""><a class=""link-Cig"" href=""/superset/recaptcha/?cig=A06A8D60DB&next=dettaglio_rup"" target=""_blank"">LUCIA LION</a></span>",2025-04-24,,50.0,,SERVIZI,Pavia
"<span class=""like-pre""><a class=""link-Cig"" href=""/superset/recaptcha/?cig=B7E7DF3FAD&next=dettaglio_cig"" target=""_blank"">B7E7DF3FAD</a></span>","FORNITURA DI GAS NATURALE EDIFICI COMUNALI IN ADESIONE A CONVENZINE CONSIP GAS NATURALE 16 - LOTTO 1 VALLE D'AOSTA, PIEMONTE, LIGURIA","<span class=""like-pre""><a class=""link-Cig"" href=""/superset/recaptcha/?sa=00398040048&next=dettaglio_sa"" target=""_blank"">COMUNE DI BARGE</a></span>","<span class=""like-pre""><a class=""link-Cig"" href=""/superset/recaptcha/?cig=B7E7DF3FAD&next=dettaglio_rup"" target=""_blank"">MASSIMO MAURINO</a></span>",2025-08-06,2025-08-06,0.0,0.0,FORNITURE,Cuneo
"<span class=""like-pre""><a class=""link-Cig"" href=""/superset/recaptcha/?cig=B7D6378377&next=dettaglio_cig"" target=""_blank"">B7D6378377</a></span>",FORNITURA GAS EDIFICI COMUNALI,"<span class=""like-pre""><a class=""link-Cig"" href=""/superset/recaptcha/?sa=00459960126&next=dettaglio_sa"" target=""_blank"">COMUNE DI BARASSO</a></span>","<span class=""like-pre""><a class=""link-Cig"" href=""/superset/recaptcha/?cig=B7D6378377&next=dettaglio_rup"" target=""_blank"">MARIA CHIARA BONETTI</a></span>",2025-07-30,2025-07-30,0.0,0.0,SERVIZI,Varese
"<span class=""like-pre""><a class=""link-Cig"" href=""/superset/recaptcha/?cig=B7C3BF23CF&next=dettaglio_cig"" target=""_blank"">B7C3BF23CF</a></span>",FORNITURA CARBURNTE IN CISTERNA,"<span class=""like-pre""><a class=""link-Cig"" href=""/superset/recaptcha/?sa=80026440281&next=dettaglio_sa"" target=""_blank"">COMANDO LEGIONE CARABINIERI VENETO- PADOVA</a></span>","<span class=""like-pre""><a class=""link-Cig"" href=""/superset/recaptcha/?cig=B7C3BF23CF&next=dettaglio_rup"" target=""_blank"">MARCO CICCONI</a></span>",2025-07-24,2024-11-25,0.0,0.0,FORNITURE,Padova
"<span class=""like-pre""><a class=""link-Cig"" href=""/superset/recaptcha/?cig=B87B1CA96C&next=dettaglio_cig"" target=""_blank"">B87B1CA96C</a></span>","FORNITURA GASOLIO PER SENALES, MADONNA 124-125","<span class=""like-pre""><a class=""link-Cig"" href=""/superset/recaptcha/?sa=00121630214&next=dettaglio_sa"" target=""_blank"">INSTITUT FUER SOZIALEN WOHNBAU DES LANDES SUEDTIROL</a></span>","<span class=""like-pre""><a class=""link-Cig"" href=""/superset/recaptcha/?cig=B87B1CA96C&next=dettaglio_rup"" target=""_blank"">BARBARA TSCHENETT</a></span>",2025-10-02,2025-10-02,5000.0,5000.0,FORNITURE,Bolzano/Bozen
"<span class=""like-pre""><a class=""link-Cig"" href=""/superset/recaptcha/?cig=B82167D6D2&next=dettaglio_cig"" target=""_blank"">B82167D6D2</a></span>",UTENZE SIM,"<span class=""like-pre""><a class=""link-Cig"" href=""/superset/recaptcha/?sa=02153140583&next=dettaglio_sa"" target=""_blank"">ISTITUTI FISIOTERAPICI OSPITALIERI</a></span>","<span class=""like-pre""><a class=""link-Cig"" href=""/superset/recaptcha/?cig=B82167D6D2&next=dettaglio_rup"" target=""_blank"">GIUSEPPE NAVANTERI</a></span>",2025-09-04,2025-09-04,0.0,0.0,FORNITURE,Roma
"<span class=""like-pre""><a class=""link-Cig"" href=""/superset/recaptcha/?cig=B6627EAFA3&next=dettaglio_cig"" target=""_blank"">B6627EAFA3</a></span>",PROROGA INSERIMENTO CITTADINI PRESSO LA COMUNITA' INTEGRATA DI GONNOSCODINA ,"<span class=""like-pre""><a class=""link-Cig"" href=""/superset/recaptcha/?sa=82001070927&next=dettaglio_sa"" target=""_blank"">COMUNE DI SERRAMANNA</a></span>","<span class=""like-pre""><a class=""link-Cig"" href=""/superset/recaptcha/?cig=B6627EAFA3&next=dettaglio_rup"" target=""_blank"">DANIELA FAGGIANI</a></span>",2025-04-07,,32040.0,,SERVIZI,
"<span class=""like-pre""><a class=""link-Cig"" href=""/superset/recaptcha/?cig=B671FB7D82&next=dettaglio_cig"" target=""_blank"">B671FB7D82</a></span>",CONFERIMENTO INCARICO PROFESSIONALE AVV DI CRESCENZO ,"<span class=""like-pre""><a class=""link-Cig"" href=""/superset/recaptcha/?sa=02174950697&next=dettaglio_sa"" target=""_blank"">SOCIETA' RISCOSSIONI COMUNALI S.R.L.</a></span>","<span class=""like-pre""><a class=""link-Cig"" href=""/superset/recaptcha/?cig=B671FB7D82&next=dettaglio_rup"" target=""_blank"">ALESSANDRA RUTOLO</a></span>",2025-04-10,,4950.0,,SERVIZI,Chieti
"<span class=""like-pre""><a class=""link-Cig"" href=""/superset/recaptcha/?cig=B645127387&next=dettaglio_cig"" target=""_blank"">B645127387</a></span>",CONTRATTI FORNITURA GAS NATURALE PER USO CUCINA IN CONVENZIONE CONSIP EDIZIONE 16 PERIODO 2025-2026,"<span class=""like-pre""><a class=""link-Cig"" href=""/superset/recaptcha/?sa=00815750286&next=dettaglio_sa"" target=""_blank"">E.S.U. DI PADOVA - AZIENDA REGIONALE PER IL DIRITTO ALLO STUDIO U NIVERSITARIO</a></span>","<span class=""like-pre""><a class=""link-Cig"" href=""/superset/recaptcha/?cig=B645127387&next=dettaglio_rup"" target=""_blank"">FRANK VELLA</a></span>",2025-03-31,2025-03-24,0.0,0.0,FORNITURE,Padova
"<span class=""like-pre""><a class=""link-Cig"" href=""/superset/recaptcha/?cig=B69A106703&next=dettaglio_cig"" target=""_blank"">B69A106703</a></span>",SPESA RAPPRESENTANZA DCOM ARRC,"<span class=""like-pre""><a class=""link-Cig"" href=""/superset/recaptcha/?sa=80234710582&next=dettaglio_sa"" target=""_blank"">MINISTERO DELLA DIFESA UFF AMMINISTRAZIONI SPECIALI</a></span>","<span class=""like-pre""><a class=""link-Cig"" href=""/superset/recaptcha/?cig=B69A106703&next=dettaglio_rup"" target=""_blank"">ALESSANDRO LO BLANCO</a></span>",2025-04-23,,76.56,,SERVIZI,
"<span class=""like-pre""><a class=""link-Cig"" href=""/superset/recaptcha/?cig=B5C3993E4E&next=dettaglio_cig"" target=""_blank"">B5C3993E4E</a></span>",INTERVENTO DI MANUTENZIONE ORDINARIA VERDE PRESSO VERSANTE ROCCIOSO SOVRASTANTE STRADA PEDONALE DELL'ANGOLO,"<span class=""like-pre""><a class=""link-Cig"" href=""/superset/recaptcha/?sa=81003790599&next=dettaglio_sa"" target=""_blank"">COMUNE DI SPERLONGA</a></span>","<span class=""like-pre""><a class=""link-Cig"" href=""/superset/recaptcha/?cig=B5C3993E4E&next=dettaglio_rup"" target=""_blank"">MASSIMO PACINI</a></span>",2025-02-25,2025-02-24,0.0,0.0,LAVORI,Latina
"<span class=""like-pre""><a class=""link-Cig"" href=""/superset/recaptcha/?cig=B69ECB3A1D&next=dettaglio_cig"" target=""_blank"">B69ECB3A1D</a></span>",I IMPEGNO DI SPESA DISABILI RESIDENZIALI MARIA ASSUNTA ART. 58,"<span class=""like-pre""><a class=""link-Cig"" href=""/superset/recaptcha/?sa=82002590725&next=dettaglio_sa"" target=""_blank"">COMUNE DI ALTAMURA</a></span>","<span class=""like-pre""><a class=""link-Cig"" href=""/superset/recaptcha/?cig=B69ECB3A1D&next=dettaglio_rup"" target=""_blank"">FILIPPO CASIELLO</a></span>",2025-04-24,,9834.02,,SERVIZI,Bari
"<span class=""like-pre""><a class=""link-Cig"" href=""/superset/recaptcha/?cig=B6E2680510&next=dettaglio_cig"" target=""_blank"">B6E2680510</a></span>","IMPEGNO DI SPESA. PROROGA DI RICOVERO DI OMISSIS (C. G.) PRESSO LA COMUNITÀ ALLOGGIO PER DISABILI PSICHICI PALCOSCENICO 180 CON SEDE A VITTORIA (RG), GESTITA DALLA COOPERATIVA SOCIALE VOLTA PAGINA CON SEDE LEGALE A VITTORIA, PER IL PERIODO DAL 01/01/2025 AL 31/03/2025. ","<span class=""like-pre""><a class=""link-Cig"" href=""/superset/recaptcha/?sa=81000670885&next=dettaglio_sa"" target=""_blank"">COMUNE DI ISPICA</a></span>","<span class=""like-pre""><a class=""link-Cig"" href=""/superset/recaptcha/?cig=B6E2680510&next=dettaglio_rup"" target=""_blank"">MARIA CHIARA STORNELLO</a></span>",2025-05-15,,6445.54,,SERVIZI,Ragusa
"<span class=""like-pre""><a class=""link-Cig"" href=""/superset/recaptcha/?cig=B6DEC00E77&next=dettaglio_cig"" target=""_blank"">B6DEC00E77</a></span>",PROT. N 412 - N 414 - N 434,"<span class=""like-pre""><a class=""link-Cig"" href=""/superset/recaptcha/?sa=06322711216&next=dettaglio_sa"" target=""_blank"">AZIENDA SANITARIA LOCALE NA3 SUD</a></span>","<span class=""like-pre""><a class=""link-Cig"" href=""/superset/recaptcha/?cig=B6DEC00E77&next=dettaglio_rup"" target=""_blank"">SILVIA PAOLILLO</a></span>",2025-05-15,,2414.6,,FORNITURE,Napoli
"<span class=""like-pre""><a class=""link-Cig"" href=""/superset/recaptcha/?cig=B67ECE81D3&next=dettaglio_cig"" target=""_blank"">B67ECE81D3</a></span>",DMEC.24.0248.A E DMEC.24.0278.A DEPOSITO IT-DE.21.019.A CONCESSIONE EP/US-ME.19.119.A TASSE EP5+IT6,"<span class=""like-pre""><a class=""link-Cig"" href=""/superset/recaptcha/?sa=80057930150&next=dettaglio_sa"" target=""_blank"">POLITECNICO DI MILANO</a></span>","<span class=""like-pre""><a class=""link-Cig"" href=""/superset/recaptcha/?cig=B67ECE81D3&next=dettaglio_rup"" target=""_blank"">IVANO CICERI</a></span>",2025-05-19,2025-03-06,12100.0,12100.0,SERVIZI,Milano
"<span class=""like-pre""><a class=""link-Cig"" href=""/superset/recaptcha/?cig=B5DC04254E&next=dettaglio_cig"" target=""_blank"">B5DC04254E</a></span>",2AD 54/2025 METROPOLITANA AUTOMATICA DI TORINO-FORNITURA DI CAVI MECCANICI CON GUAINA PER LA REVISIONE DELLE PORTE PASSEGGERI PER UN LOTTO DI N. 30 VEICOLI NELL'AMBITO DELLA REVISIONE GENERALE DEI VEICOLI VAL208NG ALLA PERCORRENZA DI 1.600.000 KM,"<span class=""like-pre""><a class=""link-Cig"" href=""/superset/recaptcha/?sa=08555280018&next=dettaglio_sa"" target=""_blank"">G.T.T. GRUPPO TORINESE TRASPORTI SPA</a></span>","<span class=""like-pre""><a class=""link-Cig"" href=""/superset/recaptcha/?cig=B5DC04254E&next=dettaglio_rup"" target=""_blank"">FABRIZIO BAUSOLA</a></span>",2025-05-19,2025-02-28,27648.0,27648.0,FORNITURE,Torino
"<span class=""like-pre""><a class=""link-Cig"" href=""/superset/recaptcha/?cig=B6EBDDEE90&next=dettaglio_cig"" target=""_blank"">B6EBDDEE90</a></span>",ORGANIZZAZIONE VIAGGI DI ISTRUZIONE,"<span class=""like-pre""><a class=""link-Cig"" href=""/superset/recaptcha/?sa=80007650643&next=dettaglio_sa"" target=""_blank"">ISTITUTO COMPRENSIVO STATALE B. CROCE</a></span>","<span class=""like-pre""><a class=""link-Cig"" href=""/superset/recaptcha/?cig=B6EBDDEE90&next=dettaglio_rup"" target=""_blank"">MARIA SINISCALCHI</a></span>",2025-05-20,2025-05-19,6440.0,6440.0,SERVIZI,Avellino
"<span class=""like-pre""><a class=""link-Cig"" href=""/superset/recaptcha/?cig=B6EC287711&next=dettaglio_cig"" target=""_blank"">B6EC287711</a></span>","(PROG. 13364) COMUNI DI OGLIANICO, FAVRIA, SALASSA, RIVAROLO C.SE, BUSANO, RIVARA E VALPERGA. INTEGRAZIONE ONORARIO DI DIREZIONE LAVORI E CSE (LAV_114379).","<span class=""like-pre""><a class=""link-Cig"" href=""/superset/recaptcha/?sa=07937540016&next=dettaglio_sa"" target=""_blank"">SOCIETA' METROPOLITANA ACQUE TORINO S.P.A. IN ALTERNATIVA SMA TORINO S.P.A. OVVERO SMAT S.P.A.</a></span>","<span class=""like-pre""><a class=""link-Cig"" href=""/superset/recaptcha/?cig=B6EC287711&next=dettaglio_rup"" target=""_blank"">SILVANO IRALDO</a></span>",2025-05-20,2025-05-19,31531.97,31531.97,SERVIZI,Torino
"<span class=""like-pre""><a class=""link-Cig"" href=""/superset/recaptcha/?cig=B814AAB42D&next=dettaglio_cig"" target=""_blank"">B814AAB42D</a></span>",CONTROLLO PERIODICO DEI DISPOSITIVI ANTINCENDIO DEL PORTO DELLA ROVERE E SERVIZIO DI MANUTENZIONE ORDINARIA E STRAORDINARIA. PERIODO 2025 – 2027,"<span class=""like-pre""><a class=""link-Cig"" href=""/superset/recaptcha/?sa=00332510429&next=dettaglio_sa"" target=""_blank"">COMUNE DI SENIGALLIA</a></span>","<span class=""like-pre""><a class=""link-Cig"" href=""/superset/recaptcha/?cig=B814AAB42D&next=dettaglio_rup"" target=""_blank"">PAOLA PACI</a></span>",2025-09-02,2025-09-01,15225.0,15225.0,SERVIZI,Ancona
"<span class=""like-pre""><a class=""link-Cig"" href=""/superset/recaptcha/?cig=B574C51BA7&next=dettaglio_cig"" target=""_blank"">B574C51BA7</a></span>",RIUNITI DENTISTICI MAXILLO ,"<span class=""like-pre""><a class=""link-Cig"" href=""/superset/recaptcha/?sa=03510050127&next=dettaglio_sa"" target=""_blank"">AZIENDA SOCIO SANITARIA TERRITORIALE DEI SETTE LAGHI</a></span>","<span class=""like-pre""><a class=""link-Cig"" href=""/superset/recaptcha/?cig=B574C51BA7&next=dettaglio_rup"" target=""_blank"">SILVIA DEL TORCHIO</a></span>",2025-02-04,2025-02-04,6156.0,6156.0,FORNITURE,Varese
"<span class=""like-pre""><a class=""link-Cig"" href=""/superset/recaptcha/?cig=B6EE3CED29&next=dettaglio_cig"" target=""_blank"">B6EE3CED29</a></span>",ACCETTAZIONE DELLA PROPOSTA PROGETTUALE TECNICO-ECONOMICA DEL CONSORZIO DEI COMUNI TRENTINI PER LA L'ATTIVAZIONE DELLA APPIO SUI SERVIZI DIGITALI PUBBLICATI NEL NUOVO SITO WEB COMUNALE IN CONFORMITÀ AI REQUISITI PREVISTI DALLA MISURA 1.4.3 DEL PNRR.,"<span class=""like-pre""><a class=""link-Cig"" href=""/superset/recaptcha/?sa=80004690220&next=dettaglio_sa"" target=""_blank"">COMUNE DI GARNIGA TERME</a></span>","<span class=""like-pre""><a class=""link-Cig"" href=""/superset/recaptcha/?cig=B6EE3CED29&next=dettaglio_rup"" target=""_blank"">VALERIO LINARDI</a></span>",2025-05-21,2025-05-20,1710.5,1710.5,SERVIZI,Trento
"<span class=""like-pre""><a class=""link-Cig"" href=""/superset/recaptcha/?cig=B6F35F6952&next=dettaglio_cig"" target=""_blank"">B6F35F6952</a></span>",ID_XXX_ACQUISTO MATERIALE ENG CLUB,"<span class=""like-pre""><a class=""link-Cig"" href=""/superset/recaptcha/?sa=97647200589&next=dettaglio_sa"" target=""_blank"">CENTRO AMMINISTRATIVO D'INTENDENZA - LIBANO</a></span>","<span class=""like-pre""><a class=""link-Cig"" href=""/superset/recaptcha/?cig=B6F35F6952&next=dettaglio_rup"" target=""_blank"">MARIO ALBANESE</a></span>",2025-05-21,,6241.0,,FORNITURE,
"<span class=""like-pre""><a class=""link-Cig"" href=""/superset/recaptcha/?cig=B6911B30A6&next=dettaglio_cig"" target=""_blank"">B6911B30A6</a></span>","RINNOVO CONTRATTO PER L'AFFIDAMENTO DEI SERVIZI DI RIPARAZIONE E MANUTENZIONE ORDINARIA E STRAORDINARIA DEI VEICOLI DI PORTATA SUPERIORE A 35 QUINTALI, DEGLI ESCAVATORI E DEI MINI-ESCAVATORI IN DOTAZIONE DI ACQUEVENETE SPA. LOTTO 4 – ESCAVATORI E MINI-ESCAVATORI","<span class=""like-pre""><a class=""link-Cig"" href=""/superset/recaptcha/?sa=00064780281&next=dettaglio_sa"" target=""_blank"">ACQUEVENETE S.P.A.</a></span>","<span class=""like-pre""><a class=""link-Cig"" href=""/superset/recaptcha/?cig=B6911B30A6&next=dettaglio_rup"" target=""_blank"">EMILIANO GIRIBUOLA</a></span>",2025-04-18,2025-04-18,30000.0,30000.0,SERVIZI,Padova
"<span class=""like-pre""><a class=""link-Cig"" href=""/superset/recaptcha/?cig=B5A14B7F6F&next=dettaglio_cig"" target=""_blank"">B5A14B7F6F</a></span>",LAVORI DI REALIZZAZIONE DI AREE PER LO SGAMBAMENTO DEI CANI,"<span class=""like-pre""><a class=""link-Cig"" href=""/superset/recaptcha/?sa=82002650230&next=dettaglio_sa"" target=""_blank"">COMUNE DI SAN PIETRO DI MORUBIO</a></span>","<span class=""like-pre""><a class=""link-Cig"" href=""/superset/recaptcha/?cig=B5A14B7F6F&next=dettaglio_rup"" target=""_blank"">CRISTINA TADDEI</a></span>",2025-02-14,2025-03-12,21901.44,21039.82,LAVORI,Verona
"<span class=""like-pre""><a class=""link-Cig"" href=""/superset/recaptcha/?cig=B6F8DD7E6D&next=dettaglio_cig"" target=""_blank"">B6F8DD7E6D</a></span>",PROROGA TECNICA FINO AL 30.06.2026 DELL'ACCORDO QUADRO PER LA FORNITURA DI ENERGIA ELETTRICA AI SOCI DEL CONSORZIO ENERGIA LIGURIA ED. 2023,"<span class=""like-pre""><a class=""link-Cig"" href=""/superset/recaptcha/?sa=95054110101&next=dettaglio_sa"" target=""_blank"">IN LIGURIA AGENZIA REGIONALE PROMOZIONE TURISTICA DELLA LIGURIA</a></span>","<span class=""like-pre""><a class=""link-Cig"" href=""/superset/recaptcha/?cig=B6F8DD7E6D&next=dettaglio_rup"" target=""_blank"">LUIGI BARLOCCO</a></span>",2025-05-22,2025-05-22,15736.76,15736.76,SERVIZI,Genova
"<span class=""like-pre""><a class=""link-Cig"" href=""/superset/recaptcha/?cig=B60719A29C&next=dettaglio_cig"" target=""_blank"">B60719A29C</a></span>",LAVORI DI MANUTENZIONE CENTRALI TERMICHE E IMPIANTI DI CLIMATIZZAZIONE CENTRALIZZATI (MAGGIO DICEMBRE 2025),"<span class=""like-pre""><a class=""link-Cig"" href=""/superset/recaptcha/?sa=97010280580&next=dettaglio_sa"" target=""_blank"">DIVISIONE AEREA DI SPERIMENTAZIONE AERONAUTICA E SPAZIALE</a></span>","<span class=""like-pre""><a class=""link-Cig"" href=""/superset/recaptcha/?cig=B60719A29C&next=dettaglio_rup"" target=""_blank"">ERMELINDA PEROZZIELLO</a></span>",2025-03-14,,38000.0,,LAVORI,Roma
"<span class=""like-pre""><a class=""link-Cig"" href=""/superset/recaptcha/?cig=B5DC2B5AB7&next=dettaglio_cig"" target=""_blank"">B5DC2B5AB7</a></span>",SERVIZIO DI CONDUZIONE DELLE ATTREZZATURE DA CUCINA - PERIODO 12 MESI DALLA STIPULA,"<span class=""like-pre""><a class=""link-Cig"" href=""/superset/recaptcha/?sa=00439540584&next=dettaglio_sa"" target=""_blank"">CIRCOLO UFFICIALI DELLE FF.AA D'ITALIA</a></span>","<span class=""like-pre""><a class=""link-Cig"" href=""/superset/recaptcha/?cig=B5DC2B5AB7&next=dettaglio_rup"" target=""_blank"">ORAZIO LEOTTA</a></span>",2025-03-03,2025-03-05,3700.0,,SERVIZI,Roma
"<span class=""like-pre""><a class=""link-Cig"" href=""/superset/recaptcha/?cig=B75BEE668F&next=dettaglio_cig"" target=""_blank"">B75BEE668F</a></span>",SERVIZIO PRESCUOLA POST SCUOLA E DOPOSCUOLA AS 2025-2026,"<span class=""like-pre""><a class=""link-Cig"" href=""/superset/recaptcha/?sa=00196480297&next=dettaglio_sa"" target=""_blank"">AMMINISTRAZIONE COMUNALE DI VILLADOSE</a></span>","<span class=""like-pre""><a class=""link-Cig"" href=""/superset/recaptcha/?cig=B75BEE668F&next=dettaglio_rup"" target=""_blank"">CRISTINA DESTRO</a></span>",2025-06-20,,39900.0,,SERVIZI,Rovigo
"<span class=""like-pre""><a class=""link-Cig"" href=""/superset/recaptcha/?cig=B6F5CA44B7&next=dettaglio_cig"" target=""_blank"">B6F5CA44B7</a></span>",APPALTO BL24-AFF_S.R. 48 DELLE DOLOMITI - LAVORI DI SISTEMAZIONE MURO DI SOSTEGNO E CORDOLO ALLA PROGRESSIVA KM 88+005 IN LOC. RENAZ IN COMUNE DI LIVINALLONGO DEL COL DI LANA (BL). INTERVENTO DI MESSA IN SICUREZZA DEL PIANO VIARIO. ,"<span class=""like-pre""><a class=""link-Cig"" href=""/superset/recaptcha/?sa=03345230274&next=dettaglio_sa"" target=""_blank"">VENETO STRADE S.P.A.</a></span>","<span class=""like-pre""><a class=""link-Cig"" href=""/superset/recaptcha/?cig=B6F5CA44B7&next=dettaglio_rup"" target=""_blank"">ALESSANDRO ZAGO</a></span>",2025-05-22,2025-05-21,29298.66,29298.66,LAVORI,Belluno
"<span class=""like-pre""><a class=""link-Cig"" href=""/superset/recaptcha/?cig=B6FB28A76F&next=dettaglio_cig"" target=""_blank"">B6FB28A76F</a></span>",NOLEGGIO STAMPANTE MULTIFUNZIONALE LIOA 2025,"<span class=""like-pre""><a class=""link-Cig"" href=""/superset/recaptcha/?sa=00754150100&next=dettaglio_sa"" target=""_blank"">UNIVERSITA' DEGLI STUDI DI GENOVA</a></span>","<span class=""like-pre""><a class=""link-Cig"" href=""/superset/recaptcha/?cig=B6FB28A76F&next=dettaglio_rup"" target=""_blank"">DANIELA GATTI</a></span>",2025-05-22,2025-05-22,1925.76,1925.76,SERVIZI,Genova
"<span class=""like-pre""><a class=""link-Cig"" href=""/superset/recaptcha/?cig=B6C2238893&next=dettaglio_cig"" target=""_blank"">B6C2238893</a></span>",LOTTO 2,"<span class=""like-pre""><a class=""link-Cig"" href=""/superset/recaptcha/?sa=01128930045&next=dettaglio_sa"" target=""_blank"">AZIENDA SANITARIA LOCALE CN1</a></span>","<span class=""like-pre""><a class=""link-Cig"" href=""/superset/recaptcha/?cig=B6C2238893&next=dettaglio_rup"" target=""_blank"">MAURA ACCHIARDI</a></span>",2025-05-07,2025-04-21,2281.79,2281.79,FORNITURE,Cuneo
"<span class=""like-pre""><a class=""link-Cig"" href=""/superset/recaptcha/?cig=B69CD93AB6&next=dettaglio_cig"" target=""_blank"">B69CD93AB6</a></span>",FORNITURA D UN SISTEMA DI RELAMPING AL SERVIZIO DEL POLO INFANZIA COMUNALE,"<span class=""like-pre""><a class=""link-Cig"" href=""/superset/recaptcha/?sa=00441130358&next=dettaglio_sa"" target=""_blank"">COMUNE DI ALBINEA</a></span>","<span class=""like-pre""><a class=""link-Cig"" href=""/superset/recaptcha/?cig=B69CD93AB6&next=dettaglio_rup"" target=""_blank"">FABIO GARLASSI</a></span>",2025-04-24,,12148.5,,FORNITURE,Reggio nell'Emilia
"<span class=""like-pre""><a class=""link-Cig"" href=""/superset/recaptcha/?cig=B81611EABE&next=dettaglio_cig"" target=""_blank"">B81611EABE</a></span>",FORNITURA DI UN PONTEGGIO MOBILE,"<span class=""like-pre""><a class=""link-Cig"" href=""/superset/recaptcha/?sa=00355870221&next=dettaglio_sa"" target=""_blank"">COMUNE DI TRENTO</a></span>","<span class=""like-pre""><a class=""link-Cig"" href=""/superset/recaptcha/?cig=B81611EABE&next=dettaglio_rup"" target=""_blank"">CLAUDIA PATTON</a></span>",2025-09-01,,3300.0,,FORNITURE,Trento
